username,message,sentiment,confidence
t4iishy,VapeNation VAPE ME UP VapeNation VAPE ME UP INSIDE VapeNation CAN'T VAPE UP VapeNation VAPE ME UP INSIDE VapeNation VAPE MEEEEE VapeNation CALL MY NAME AND VAPE ME VapeNation,positive,0.359382
thedragonbox,gg ez,positive,0.336094
bloblawslawblog,that dad snap,negative,-0.241037
mikeklitschko,MEI IS LIT,positive,0.213852
shooloo,Is that a pro Hanzo?,neutral,0
chaosjak93,(ditto),neutral,0
ninjanerd127,g g e z,neutral,0
xenoss_,gg ez,positive,0.336094
ch43t0m1um,:) DansGame SuperVinlin PuppeyFace,positive,0.253079
deosen,11 hooks, not enough,negative,-0.72604
masterspark6,What's the name of the song guys? inb4 darude sandstorm,neutral,0
justinrader26,It's a sax not a trumpet,negative,-0.392148
liquidsn,ohnDD,neutral,0
awp17,gg ez,positive,0.336094
turbo_ner,I‚Äôm Harambe, and this is my zoo enclosure. I work here with my zoo keeper and my friend, Cecil the lion. Everything in here has a story and a price. One thing I‚Äôve learned after 21 years ‚Äì you never know WHO is gonna come over that fence,positive,0.217672
mbkvv,SO CLOSE gachiGASM,neutral,0
darkspam,@mooboys, You should've XD'd in chat,positive,0.550996
srace2020,points!,positive,0.238635
persons1,when you actually say something nice instead of saying gg ez,neutral,0
mateuszrb,gg,neutral,0
kerrzhe,nice,positive,0.577905
dearbig,get a life moonmoon,positive,0.323517
rambo_8_u,B4 you fuck me in HeyGuys,negative,-0.686656
robakawake,@Moonmoon_ow, how did u fix the server error for PTR? FeelsBadMan üî´,negative,-0.762044
lulxdhahaa,üé∑,neutral,0
iplayjazzflute,OH SHIT,negative,-0.798227
murilorcbr,!patch,negative,-0.315866
nightbot,PTR patch notes - https://goo.gl/Grjd2i,neutral,0
usernamewastaken12,ImTriggered,neutral,0
t4iishy,OSkomodo MY KEK IS TOP OSkomodo MY LEL IS FREE OSkomodo YOU GUESSED IT RIGHT OSkomodo LEL KEK XD OSkomodo,Error,0
deathbytacos_,G G E Z,neutral,0
shooloo,that pro Hanzo doe,neutral,0
atticoo,10 min left FeelsGoodMan,negative,-0.234762
potatopie5,c'mon mum, one more game before we fuck,negative,-0.66021
rumiroomie,I thought grand master was 4000+? What gives?,positive,0.239251
sealemons270,36 points :O,neutral,0
gdell,this dude still streamin,negative,-0.385543
rastafarimahn,not even Grandmaster?? LUL,negative,-0.551156
lulxdhahaa,10 min PogChamp,Error,0
slashlord,Yo the animated short is about to premier moon,neutral,0
pineapplej0nes,@Moonmoon_ow, GEMMIE THAT DICK,neutral,0
xbonezx,xD,positive,0.581138
nightbot,frick you,neutral,0
iverzah,!ptr,neutral,0
nightbot,read more on the Public Test Region here https://playoverwatch.com/en-us/blog/20157263,neutral,0
if_i_only_have_snus,someone whisper me blizzcon link FeelsBadMan üî´,neutral,0
collectivesubconscious,lol xd,positive,0.71753
serdarkny,it's liveee,neutral,0
sonree,Big Man Clarence Clemens Kreygasm,negative,-0.225003
mooboys,@Darkspam, XD Kappa,Error,0
zombehbrainz,@Dearbig, moon2MLADY don't forget to change your tampon, friend,negative,-0.435704
raider_unkindled,@MOONMOON_OW doesnt bastion live forever? wont his bird die soon? BibleThump,negative,-0.899867
fanwnnn,üî´,neutral,0
srace2020,C'mon how can you not know this song?,neutral,0
lcymcspicy,xD,positive,0.581138
gentleplayer32,You have 820 Competitive Points? @moonmoon_ow,neutral,0
jmc_78,We watching bastion short together?,negative,-0.651477
vanitydestroyer,@Moonmoon_ow, Did you feed Eddie yet? moon2SMUG,neutral,0
t4iishy,‡∫àŸÑÕú‡∫à‡ºΩÔæâ¬∑Ô∏ªÃ∑‚îªÃø‚ïê‚îÅ‰∏ÄI'VE GOT THE STREAM IN MY SIGHTS,positive,0.27071
frozn11,Springsteen is overrated as fck,negative,-0.651463
tyghtz,Show us dva legendary emote,positive,0.391025
morteusnl,@sonree Kreygasm you know it baby,neutral,0
fluxsidedown,Ecks Dee,positive,0.317638
tylmomendog,@rumiroomie, 4000-5000 is grandmaster,Error,0
mikeklitschko,PRO HANZA,neutral,0
a100748632,1800,neutral,0
soulbrother_,You have to work so hard for grandmaster,negative,-0.469684
oppdaf,LESS TALKING MORE AMERICAN,negative,-0.430701
onorekian,FeelsBadMan,neutral,0
seargeantteddy,What the heck man,positive,0.223691
sanderak99,moon2PACHI moon2MLADY moon2MLADY moon2MLADY,Error,0
dearbig,@ZombehBrainZ, you paying to see this noob, hahah poor tard,negative,-0.789928
onlyausername,@rumiroomie, yes grandmaster is 4k-5k SR,neutral,0
walking_clock,bruh it WAS super funny,positive,0.676133
viper459,LOL,positive,0.315755
cruzcontrol22,LUL,neutral,0
maivlol,bruce springstein = 100% american,negative,-0.320562
senjougahara_sama,LUL,neutral,0
lvl1cpu,Moonmoon can't get on PTR LUL,negative,-0.611871
dankdropleton,GOT EM,positive,0.279693
tarrgan,LUL,neutral,0
officialdark_tv,LOL,positive,0.315755
mist_e,LUL,neutral,0
viridious,LUL,neutral,0
reignm4n,LUL,neutral,0
isotonicdesigns,LOL,positive,0.315755
andima88,Fuck you bruh,negative,-0.586403
dillonhd,shouldnt "born to run" be about france?,neutral,0
faarisburo,LUL,neutral,0
metalblacktiger,LOL,positive,0.315755
syntaxau,is this ranked moon2SMUG,neutral,0
mateuszrb,NO FUCK YOU gachiGASM,negative,-0.497964
fallenmon,LOL,positive,0.315755
planf,ULURU,neutral,0
buffman989,LUL,neutral,0
spicymctaco,cmonBruh,neutral,0
officialdark_tv,REKT,neutral,0
t4iishy,LE SWARM HAS ARRIVED bUrself BZZZ BZZZ bUrself LE SWARM HAS ARRIVED bUrself BZZZ BZZZ bUrself LE SWARM HAS ARRIVED bUrself BZZZ BZZZ bUrself LE SWARM HAS ARRIVED bUrself BZZZ BZZZ bUrself LE SWARM HAS ARRIVED bUrself BZZZ BZZZ bUrself LE SWARM HAS ARRIVED bUrself BZZZ BZZZ bUrself,neutral,0
tx_james,OLO,neutral,0
neutralweird,ULURU,neutral,0
ninjanerd127,GOTTEM,neutral,0
sneekyjake,@Moonmoon_ow, does the golden roadhog weapon make the chain of the hook golden aswell?,neutral,0
dankdropleton,LUL,neutral,0
literallytwitchchat,lol,positive,0.315755
crackbabyyy,4Head,neutral,0
haunterishaunt,PTRSD,neutral,0
nekomiku92,ULURU,neutral,0
bojaru,LUL,neutral,0
webmasterbrent,LUL,neutral,0
rocketpoweredmonke,BASTION IN 10 MINUTES,neutral,0
dbdale,P ULURU T ULURU R,Error,0
leckotut,LUL TRIGGERED LUL,Error,0
zatramix,MingLee,neutral,0
hammeratl,Jags Bucs joint practice Hype!,positive,0.214593
frankthetank412,HAHAHA Savage,positive,0.558705
aogeko,Me I is back Kappa,neutral,0
robakawake,FeelsBadMan,neutral,0
onorekian,haHAA,neutral,0
sleepy_jeff_23,gachiGASM fuck you leatherman,negative,-0.57717
sealemons270,ULURU,neutral,0
joenaruto,*suffer,neutral,0
leeipuri,DansGame,neutral,0
rzack,LUL,neutral,0
xal1771,FUCK YOU XD,neutral,0
donikass,Gottem PogChamp,Error,0
omazilla,LUL,neutral,0
kami696969,ULURU,neutral,0
hawaiianxgypsy,THIS SONG IS cmonBruh,positive,0.245271
bloblawslawblog,moon2LUL,neutral,0
cruzcontrol22,haHAA,neutral,0
wraithyzz,haHAA,neutral,0
nekoniisan,PewDiePie ??????,Error,0
usernamewastaken12,haHAA,neutral,0
frankthetank412,I n t e n s e,neutral,0
onlyausername,haHAA,neutral,0
squiddio,my my my how the turntables,neutral,0
frenzyfull,haHAA,neutral,0
gdell,PTR in 2016 LUL,positive,0.361789
donotknowname,haHAA,neutral,0
sealemons270,haHAA,neutral,0
ghostisaact,K,neutral,0
felbladenoz,haHAA,neutral,0
dankdropleton,haHAA,neutral,0
faarisburo,haHAA,neutral,0
nerv402,ULURU,neutral,0
madnuffjew,haHAA,neutral,0
flaerus,haHAA,neutral,0
tipposs,LUL,neutral,0
tyghtz,Hahahaha,positive,0.607063
alp202,LUL,neutral,0
raine94,hahaha.,positive,0.670691
thetoni00737,haHaa,neutral,0
vanitydestroyer,Is this PTR? moon2SMUG Is this PTR? moon2SMUG Is this PTR? moon2SMUG Is this PTR? moon2SMUG Is this PTR? moon2SMUG Is this PTR? moon2SMUG Is this PTR? moon2SMUG Is this PTR? moon2SMUG Is this PTR? moon2SMUG Is this PTR? moon2SMUG Is this PTR? moon2SMUG Is this PTR? moon2SMUG Is this PTR? moon2SMUG Is this PTR? moon2SMUG,neutral,0
thedragonbox,IS THIS PTR? haHAA,neutral,0
getwolfed,haHAA,neutral,0
lyoon1595,haHAA,neutral,0
fallenmon,haHAA,neutral,0
phenom_hs,ImTriggered MOONMOON ImTriggered PUSHES ImTriggered ME ImTriggered TO ImTriggered MY ImTriggered ABSOLUTE ImTriggered LIMIT ImTriggered .,negative,-0.346064
microlattice,FeelsBadMan,neutral,0
bojaru,haHAA,neutral,0
temoujine,haHAA,neutral,0
msmit71,haHA,positive,0.621675
usernamewastaken12,LUL,neutral,0
nightbot,frick you,neutral,0
jululuian,WOW IM TRIGGERED STAHP,negative,-0.31841
oppdaf,HELP HIM HE'S TURNING INTO BASTION,neutral,0
nebulaspectre,LUL Kappa Xd,positive,0.535563
pierules32,haHAA,neutral,0
infinityhauntlet,do a british accent,positive,0.39788
hawkeyesflame,haHAA 123,neutral,0
dotolol,haHAA,neutral,0
snake3ct,haHAA,neutral,0
allergic_moose,ImTriggered,neutral,0
typhari,haHAA,neutral,0
srace2020,I for one have no problem accessing the PTR.,neutral,0
coobed,haHAA,neutral,0
uzzah,(PTR)iggered,neutral,0
tx_james,ULU OLO,neutral,0
bilis132,haHAA,neutral,0
xzeric,CHange Region for overwatch to ptr on battlenet,neutral,0
wyhot,!cringe,negative,-0.468343
a_random_user,ah.... ah.... ahhh,Error,0
bagax,Kappa,neutral,0
poofycats,BASTION SHORT,negative,-0.58468
dowdowtv,RUDE,negative,-0.613044
mysticaz,moon2LUL moon2LUL moon2LUL moon2LUL,Error,0
keronr16,hahAA,neutral,0
ii_mikje_ii,PLAY OR IM UNSUBBING,neutral,0
petuho,NOOB FATSO,negative,-0.557086
cathayn,how do I watch this fuck,negative,-0.657373
phenom_hs,ImTriggered MOONMOON ImTriggered PUSHES ImTriggered ME ImTriggered TO ImTriggered MY ImTriggered ABSOLUTE ImTriggered LIMIT ImTriggered .,negative,-0.346064
sealemons270,HotPokket,neutral,0
saltytf,LUL,neutral,0
wanksss,he's finally lost it,negative,-0.559011
tylmomendog,haHAA,neutral,0
magiikappa,haHAAAA,positive,0.621675
cruzcontrol22,NotLikeThis,neutral,0
lolwrd,BabyRage,neutral,0
x_sh4rp,so annoying moonmoon but nothing better on twitch,negative,-0.808055
hawaiianxgypsy,haHAA,neutral,0
leeipuri,gachiGASM FUCK ME MOON,negative,-0.605283
dominoplatinum,Moonmoon_ow, YOU HAVE BIGHEAD TOO BIG,neutral,0
rastafarimahn,HOW RUDE WutFace,Error,0
manletz,@MOONMOON_OW Destroy my pussy please,negative,-0.893898
funkenstein14,!cringe,negative,-0.468343
levelup52,is this a pro genji???,neutral,0
xenoss_,dewLUL,neutral,0
vivaxious,BibleThump BibleThump,Error,0
juicyjus25,PAPA?!,neutral,0
wilsonryan1,has the new season started?,positive,0.282892
soratemas,LUL,neutral,0
redvalhalla,What the ptr????,negative,-0.222481
kaliafornia,stremmer can u plox inform me if this is ptr? plox moon2LUL,neutral,0
t4iishy,TOPKEK,neutral,0
jayari9,Bastion short incoming PogChamp,negative,-0.530484
srace2020,I can get on w/ out issues.,negative,-0.241355
ch43t0m1um,cmonBruh cmonBruh cmonBruh,neutral,0
eighteenrabbit,FeelsBadMan,neutral,0
thatohio,feels rekt man,negative,-0.631341
raditatical,work FeelsBadMan,negative,-0.373158
turmoill,PogChamp PogChamp,Error,0
gdell,is this dude gonna be at twitchcon.. would like to 1v1 irl,negative,-0.247362
vixen98,<3,positive,0.221643
phenom_hs,ImTriggered MOONMOON ImTriggered PUSHES ImTriggered ME ImTriggered TO ImTriggered MY ImTriggered ABSOLUTE ImTriggered LIMIT ImTriggered,negative,-0.482763
nigelishgambino,shadderSMUG,neutral,0
omazilla,papi,neutral,0
el_reto,Kappa,neutral,0
jrossboss,America, back to back world war champs MERICA!!!,neutral,0
c_dizzle420,ImTriggered ImTriggered ImTriggered,Error,0
onlyausername,LUL,neutral,0
rzack,WutFace,neutral,0
getwolfed,LUL,neutral,0
annabelthepanda,moon2WUT moon2WUT moon2WUT,Error,0
isotonicdesigns,HAHAHA, Oh wait you serious? Let me laugh even harder! HAHAHAHAHAHAHAHAHAHAHA!,negative,-0.0779307
bilis132,ptrigerred haHAA,Error,0
reknyne,Hey man, what's your favourite Roadhog skin???,positive,0.538573
hawaiianxgypsy,BibleThump BibleThump BibleThump,Error,0
syntaxau,PTRSD FeelsBadMan,Error,0
staticparadox,LEL ULURU LEL ULURU LEL ULURU LEL ULURU LEL ULURU,Error,0
t4iishy,Kappa FEELS Kappa GOOD Kappa TO Kappa BE Kappa A Kappa PLEB Kappa,Error,0
mbkvv,FeelsBadMan,neutral,0
dearbig,@ZombehBrainZ, lol poor tard,Error,0
hawkeyesflame,haHAA moon2SMUG,Error,0
vanitydestroyer,moon2SMUG Is this PTR? moon2SMUG Is this PTR? moon2SMUG Is this PTR? moon2SMUG Is this PTR? moon2SMUG Is this PTR? moon2SMUG Is this PTR? moon2SMUG Is this PTR? moon2SMUG,neutral,0
mysticaz,@moonmoon_ow moon2MLADY moon2MLADY moon2MLADY moon2MLADY,Error,0
curisu,this streamer has very PTR stream,positive,0.20633
sfg_gamer,!genji,neutral,0
nightbot,Hey strimmer can u play a gengi game?,positive,0.226048
lvl1cpu,moon2SMUG moon2SMUG moon2SMUG moon2SMUG,Error,0
coldace180,58/60????? WHERES THE 2 MORE,negative,-0.830403
deathray147,DADDY NO,negative,-0.593281
tinyer2,I KNOW HIS ADDRESS GET HIM!!!!!,neutral,0
sheeit123,TRIGGERED!,neutral,0
masterspark6,ImTriggered,neutral,0
iipupsii,kappa,neutral,0
physikl,moon2SMUG moon2SMUG moon2SMUG moon2SMUG moon2SMUG moon2SMUG,Error,0
unifyself,moon2SMUG moon2SMUG moon2SMUG moon2SMUG,Error,0
omazilla,shatter smug,negative,-0.879256
msmit71,psh, Nothing personnel kid!,neutral,0
mannyv1990,moon2SMUG moon2SMUG,Error,0
mateuszrb,ShadderSmug,neutral,0
wolfmanzacke,moon2SMUG moon2SMUG moon2SMUG moon2SMUG moon2SMUG moon2SMUG moon2SMUG moon2SMUG moon2SMUG moon2SMUG moon2SMUG moon2SMUG moon2SMUG,Error,0
ch43t0m1um,BibleThump BibleThump BibleThump BibleThump,Error,0
onlyausername,ULURU,neutral,0
uhrainy,shitterSMUG,neutral,0
chasedawolf1994,moon2SMUG moon2SMUG moon2SMUG moon2SMUG,Error,0
prism_nacho,fuck you nerd,negative,-0.43585
phenom_hs,ImTriggered MOONMOON ImTriggered PUSHES ImTriggered ME ImTriggered TO ImTriggered MY ImTriggered ABSOLUTE ImTriggered LIMIT ImTriggered .,negative,-0.346064
infinityhauntlet,dix out for genji,neutral,0
donikass,moon2SMUG moon2SMUG moon2SMUG moon2SMUG moon2SMUG moon2SMUG moon2SMUG moon2SMUG moon2SMUG moon2SMUG,Error,0
schebbi_,mod?,neutral,0
senjougahara_sama,moon2SMUG,neutral,0
evilyoyo7,lmao,positive,0.483922
sealemons270,ShadderSMUG,neutral,0
dillonhd,moon2SMUG,neutral,0
funkenstein14,moon2SMUG moon2SMUG moon2SMUG moon2SMUG moon2SMUG moon2SMUG moon2SMUG moon2SMUG moon2SMUG moon2SMUG,Error,0
neutralweird,moon2SMUG moon2SMUG moon2SMUG moon2SMUG,Error,0
mannyv1990,moon2SMUG moon2SMUG moon2SMUG moon2SMUG,Error,0
shanedestroyer,shadder moon2SMUG,neutral,0
xknightsmare,GOTTEM,neutral,0
duvvii95,voyYASUO voyYASUO voyYASUO,Error,0
thiefshill,HA git em,negative,-0.66396
frozn11,@MorteusNL, no im from a first world country,negative,-0.526662
superhank91,Biblethump,neutral,0
iipupsii,Kappa,neutral,0
maxdestr,donezo LUL,neutral,0
lotimli,is ptr only on pc??????,negative,-0.372475
dogtoothspar,moon2SMUG moon2SMUG moon2SMUG moon2SMUG moon2SMUG moon2SMUG moon2SMUG moon2SMUG moon2SMUG moon2SMUG moon2SMUG moon2SMUG,Error,0
x_sh4rp,Kappa Kappa Kappa,Error,0
planf,moon2SMUG moon2SMUG moon2SMUG moon2SMUG moon2SMUG moon2SMUG moon2SMUG moon2SMUG moon2SMUG moon2SMUG moon2SMUG moon2SMUG moon2SMUG moon2SMUG moon2SMUG moon2SMUG moon2SMUG moon2SMUG moon2SMUG,Error,0
onorekian,KKona,neutral,0
coyoung,Rip genji,negative,-0.840117
saltytf,shattersmug,neutral,0
insanekil1er,9 MINUTES TILL ROBOT,negative,-0.235567
lionruler1322,Rip genji,negative,-0.840117
rumiroomie,moon2SMUG,neutral,0
justinthomasmm,moon2SMUG moon2SMUG moon2SMUG moon2SMUG moon2SMUG moon2SMUG moon2SMUG moon2SMUG moon2SMUG moon2SMUG moon2SMUG moon2SMUG moon2SMUG moon2SMUG moon2SMUG,Error,0
dieec23,moon2SMUG moon2SMUG moon2SMUG moon2SMUG moon2SMUG moon2SMUG moon2SMUG moon2SMUG moon2SMUG moon2SMUG moon2SMUG moon2SMUG,Error,0
gonfe,tfw no shadder smugs,negative,-0.302878
chrextheking,SHADDER SUBS ULURU,Error,0
sirivyyy,Danzo?,neutral,0
kyle7124,mah cahmba BabyRage,Error,0
communismkilled94m,!patch,negative,-0.315866
omazilla,Smug,negative,-0.789709
metalblacktiger,BabyRage MUH CAMBUH BabyRage,Error,0
leeipuri,KKona,neutral,0
milkdrops,moon2SMUG moon2SMUG moon2SMUG moon2SMUG moon2SMUG moon2SMUG moon2SMUG moon2SMUG moon2SMUG,Error,0
ogyrez,moon2SMUG moon2SMUG moon2SMUG moon2SMUG moon2SMUG moon2SMUG moon2SMUG moon2SMUG moon2SMUG moon2SMUG moon2SMUG moon2SMUG moon2SMUG moon2SMUG moon2SMUG,Error,0
twentyy_,shadderSmug,neutral,0
pierules32,KKona 7,neutral,0
silverfishslicer,no shadder smugs XDDDD,neutral,0
t4iishy,OSkomodo MY KEK IS TOP OSkomodo MY LEL IS FREE OSkomodo YOU GUESSED IT RIGHT OSkomodo LEL KEK XD OSkomodo,Error,0
muegle,KKona,neutral,0
zsmj_11,BrokeBack,neutral,0
lvl1cpu,moon2SMUG moon2SMUG moon2SMUG,Error,0
svddie,why you don't play DVA anymore????,negative,-0.634445
andima88,KKona born in the USA,neutral,0
chasedawolf1994,HEY,positive,0.482401
uhrainy,shitterSMUG It's not working ü§î,negative,-0.468427
morabongo,Bastion short in 5 minutes,negative,-0.655758
senjougahara_sama,USA USA USA,neutral,0
truemadness2014,Rip gongo FeelsBadMan,negative,-0.84472
onlyausername,DatSheffy 7,neutral,0
rastafarimahn,#DICKSOUTFORGENJI,Error,0
dankdropleton,ImTriggered MOONMOON ImTriggered IS ImTriggered PUSHING ImTrigggered ME ImTriggered TO ImTriggered MY ImTriggered ABSOLUTE ImTriggered LIMIT ImTriggered,neutral,0
deltaki87,RIP GENZI BiblyThump,Error,0
fatuastorm,Which head are we speaking of, though? moon2SMUG,negative,-0.230096
urethrafranklin333,how do i access PTR on xbox?,negative,-0.262416
bat_hulud,ImTriggered MOONMOON ImTriggered PUSHES ImTriggered ME ImTriggered TO ImTriggered MY ImTriggered ABSOLUTE ImTriggered LIMIT ImTriggered,negative,-0.482763
grorencio,HIS CAMBUH,neutral,0
hawkeyesflame,moon2SMUG PTR? moon2SMUG PTR? moon2SMUG PTR? moon2SMUG PTR? moon2SMUG PTR? moon2SMUG PTR? moon2SMUG PTR? moon2SMUG PTR? moon2SMUG PTR? moon2SMUG PTR? moon2SMUG PTR? moon2SMUG PTR? moon2SMUG PTR? moon2SMUG PTR? moon2SMUG PTR? moon2SMUG PTR? moon2SMUG PTR? moon2SMUG PTR? moon2SMUG PTR? moon2SMUG PTR? moon2SMUG PTR? moon2SMUG PTR? moon2SMUG PTR? moon2SMUG PTR? moon2SMUG,Error,0
smpycookie,deIlluminati,neutral,0
petuho,BORN IN THE EU !! BORN IN THE EU !! BORN IN THE EU !! BORN IN THE EU !!,neutral,0
demon_lily,moon2SMUG moon2SMUG moon2SMUG moon2SMUG moon2SMUG moon2SMUG moon2SMUG moon2SMUG moon2SMUG moon2SMUG moon2SMUG moon2SMUG,Error,0
cruzcontrol22,eevisuRIP eevisuRIP eevisuRIP eevisuRIP eevisuRIP eevisuRIP eevisuRIP eevisuRIP eevisuRIP eevisuRIP eevisuRIP eevisuRIP eevisuRIP eevisuRIP eevisuRIP eevisuRIP eevisuRIP,Error,0
t4iishy,MURICA,neutral,0
senjougahara_sama,DatSheffy,neutral,0
gafsibou,THIS STREAMER LOOKS VERY PTR @Moonmoon_ow,neutral,0
dragoneer3,moon2CHAMP moon2MLADY moon2CHAMP moon2MLADY moon2CHAMP moon2MLADY moon2CHAMP moon2MLADY moon2CHAMP moon2MLADY,Error,0
itreebeard,AngelThump Farewell Sweet Genji AngelThump,positive,0.473497
omazilla,Shaddersmuh,neutral,0
duvvii95,voyRIP voyRIP voyRIP voyRIP voyRIP voyRIP voyRIP voyRIP voyRIP voyRIP voyHYPE voyRIP voyHYPE voyRIP voyRIP voyRIP voyRIP,Error,0
felicitates,I feel like you're trying to drive out all your non american players ;),positive,0.661991
chasedawolf1994,Born in the USA,neutral,0
papyshh,only english usa,negative,-0.275526
niklev9,patriotism,positive,0.318657
incognitix,sadder still wrecks,negative,-0.804192
dbdale,KKona,neutral,0
annabelthepanda,Kbyeeeeeeeeee PTR MOON IS too moon2SMUG moon2SMUG moon2SMUG moon2SMUG moon2SMUG moon2SMUG,Error,0
phenom_hs,ImTriggered MOONMOON ImTriggered PUSHES ImTriggered ME ImTriggered TO ImTriggered MY ImTriggered ABSOLUTE ImTriggered LIMIT ImTriggered .,negative,-0.346064
masterspark6,BOOOOOORN IN THE USA,neutral,0
bobthepredator,BORN IN NA KKona,Error,0
muegle,KKona 7,neutral,0
garasol,Where was he born?,neutral,0
usernamewastaken12,ULURU,neutral,0
micball,BloodTrail,neutral,0
woutter,they killed genji...,negative,-0.534192
basically__basic,GOD IT FEELS GOOD,positive,0.215303
tucklulz,Bjorn in the U S A,positive,0.309758
dieec23,moon2SATAN moon2SATAN moon2SATAN moon2SATAN moon2SATAN moon2SATAN moon2SATAN moon2SATAN moon2SATAN moon2SATAN moon2SATAN moon2SATAN moon2SATAN moon2SATAN moon2SATAN moon2SATAN,Error,0
shanedestroyer,moon2SMUG moon2SMUG moon2SMUG moon2SMUG moon2SMUG moon2SMUG moon2SMUG moon2SMUG moon2SMUG moon2SMUG moon2SMUG moon2SMUG moon2SMUG moon2SMUG moon2SMUG moon2SMUG moon2SMUG moon2SMUG,Error,0
nintendoom33,isnt that song very critical of the usa?,negative,-0.5521
zombehbrainz,@Dearbig, I'm not the one willingly watching something I supposedly hate LUL get fucked, bitch moon2SMUG,negative,-0.959115
joshder,lol just got onto PTR first try,neutral,0
arethyu,DatSheffy 7,neutral,0
hawkeyesflame,moon2SMUG PTR? moon2SMUG PTR? moon2SMUG PTR? moon2SMUG PTR? moon2SMUG PTR? moon2SMUG PTR? moon2SMUG PTR? moon2SMUG PTR? moon2SMUG PTR? moon2SMUG PTR? moon2SMUG PTR? moon2SMUG PTR? moon2SMUG PTR? moon2SMUG PTR? moon2SMUG PTR? moon2SMUG PTR? moon2SMUG PTR? moon2SMUG PTR? moon2SMUG PTR? moon2SMUG PTR?,Error,0
t4iishy,GET SOME DEMOCRACY,neutral,0
the_dawkinator,BORN... IN THE USA,neutral,0
bluefalconexe,get shat on "pro" genji mains,neutral,0
savalaserg2,banged in the usa,negative,-0.596261
beanbomb47,FeelsBadMan got fucked FeelsGoodMan not a virgin FeelsAmazingMan,negative,-0.787061
wiscomptonswan,Kappa,neutral,0
slapner,moon2SMUG moon2SMUG moon2SMUG moon2SMUG moon2SMUG moon2SMUG moon2SMUG moon2SMUG moon2SMUG moon2SMUG,Error,0
bigmambagaming,Mau5 Mau5 Mau5,neutral,0
turmoill,DatSheffy DatSheffy DatSheffy,Error,0
dedolin2167,anyone have a link to PTR patch notes?,negative,-0.459709
onorekian,VAPE TEST AMPEnergyCherry ()_ÃÖ_ÃÖ_ÃÖ_ÃÖ_ÃÖ_ÃÖ_ÃÖ_) If the arms touch the vape, you are LIT ‚éù VapeNation ‚é†,positive,0.240498
ethan_bradbarrie,BORN IN NA,neutral,0
ianiberri,OhMyDog PartyTime,Error,0
if_i_only_have_snus,Born in canada BabyRage,neutral,0
reesaroni,moon2SMUG moon2SMUG moon2SMUG moon2SMUG moon2SMUG moon2SMUG moon2SMUG moon2SMUG moon2SMUG moon2SMUG moon2SMUG moon2SMUG moon2SMUG moon2SMUG moon2SMUG moon2SMUG moon2SMUG,Error,0
altoration,uhRainy ULURU,neutral,0
zetienno,OSkomodo MY KEK IS TOP OSkomodo MY LEL IS FREE OSkomodo YOU GUESSED IT RIGHT OSkomodo LEL KEK XD OSkomodo,Error,0
jcline9677,KKona U KKona S KKona A KKona KKona U KKona S KKona A KKona KKona U KKona S KKona A KKona KKona U KKona S KKona A KKona KKona U KKona S KKona A KKona,Error,0
planf,moon2SMUG moon2SMUG moon2SMUG moon2SMUG moon2SMUG moon2SMUG moon2SMUG moon2SMUG moon2SMUG,Error,0
viper459,SourPls,neutral,0
niralos,this is not a patriotic song fyi,negative,-0.334144
vanitydestroyer,moon2SMUG ME UP moon2SMUG ME UP INSIDE CAN'T MOON2SMUG UP,negative,-0.599675
nigelishgambino,MUH CAMBA BabyRage BabyRage BabyRage,Error,0
xlogik1,Press 69 for HARAMBE!!!,neutral,0
walking_clock,born in the usa... patriotism... ü§î,neutral,0
t4iishy,HEY KIDS WANNA SOME DEMOCRACY,positive,0.264401
real_pirates_are_scurvy,AngelThump USA USA USA AngelThump,Error,0
chasedawolf1994,Born in the GG EZ,positive,0.286453
coatzul,KKona 7,neutral,0
deltaki87,BORN IN THE USA OpieOP,neutral,0
t4iishy,OSkomodo MY KEK IS TOP OSkomodo MY LEL IS FREE OSkomodo YOU GUESSED IT RIGHT OSkomodo LEL KEK XD OSkomodo,Error,0
quechnitlan,Not really a patriotic song,negative,-0.532418
fullmetalmaniac,THIS SONG ISNT AS PATRIOTIC AS IT SOUNDS MOON,neutral,0
louis9921,Kappa,neutral,0
petuho,BORN IN THE EU !! BORN IN THE EU !! BORN IN THE EU !!,neutral,0
jsalari,@Moonmoon_ow, This song is the exact OPPOSITE of patriotism, listen to the lyrics.,positive,0.398047
bigmambagaming,DoritosChip DoritosChip DoritosChip DoritosChip,Error,0
psych_reaper,ImTriggered MOONMOON ImTriggered PUSHES ImTriggered ME ImTriggered TO ImTriggered MY ImTriggered ABSOLUTE ImTriggered LIMIT ImTriggered .,negative,-0.346064
rambo_8_u,NAME CHANGE COMING FOR GENGULI GENGULI GENGULI GENGULI GENGULI GENGULI MingLee MingLee MingLee MingLee MingLee MingLee MingLee MingLee MingLee MingLee MingLee MingLee MingLee MingLee MingLee MingLee MingLee,Error,0
shanedestroyer,moon2SMUG PTR? moon2SMUG PTR? moon2SMUG PTR? moon2SMUG PTR? moon2SMUG PTR? moon2SMUG PTR? moon2SMUG PTR? moon2SMUG PTR? moon2SMUG PTR? moon2SMUG PTR? moon2SMUG PTR? moon2SMUG PTR? moon2SMUG PTR? moon2SMUG PTR? moon2SMUG PTR? moon2SMUG PTR? moon2SMUG PTR? moon2SMUG PTR? moon2SMUG PTR? moon2SMUG PTR?,Error,0
beatsbyyomomma,ALMOST 11k viewers,neutral,0
lyoon1595,lirikO lirikO lirikO lirikO lirikO lirikO lirikO lirikO lirikO lirikO lirikO lirikO lirikO lirikO lirikO lirikO lirikO lirikO lirikO lirikO lirikO lirikO lirikO lirikO lirikO lirikO lirikO lirikO lirikO,Error,0
kiuper,Q. What regions are eligible to participate in the PTR?A. Accounts from all regions (excluding China),negative,-2.46763e-05
donikass,OhMyDog OhMyDog,Error,0
xenoss_,dewLUL dewLUL dewLUL dewLUL dewLUL dewLUL dewLUL dewLUL dewLUL dewLUL dewLUL dewLUL dewLUL dewLUL dewLUL dewLUL dewLUL dewLUL dewLUL,Error,0
superhank91,Biblethump Biblethump,Error,0
dbrans_,iwas dun barn in the usa,negative,-0.602931
summonthedead,america fuck ye,Error,0
arethyu,HEY STRIMMER IS THIS PTR????,neutral,0
greyxsloan,Meik America great again! Build an ice wall,positive,0.719903
xingmingping,dwad Kappa Kappa Kappa Kappa Kappa Kappa Kappa Kappa Kappa Kappa Kappa Kappa Kappa Kappa Kappa Kappa,Error,0
quasar_231,i thought that competitive was taking a break?,negative,-0.756236
demon_lily,literally everyone unsubbed from shadder when genji was nerfed LUL,neutral,0
stevens0,BOoooorrrrNNNN!!,Error,0
morteusnl,BORN IN THE USA,neutral,0
noxattra,üá∫üá∏,neutral,0
xenoss_,USA dewLUL USA dewLUL USA dewLUL USA dewLUL USA dewLUL USA dewLUL USA dewLUL USA dewLUL USA dewLUL USA dewLUL USA dewLUL USA dewLUL USA dewLUL USA dewLUL USA dewLUL USA dewLUL USA dewLUL USA dewLUL,Error,0
t4iishy,HEY KIDS WANNA SOME DEMOCRACY,positive,0.264401
jululuian,GENGI WAS MY ACTUAL DAD STAHP TOO EMOTIONAL,neutral,0
thrall420,KKona,neutral,0
multimedyam,BORN IN THE evoUSA BORN IN THE evoUSA BORN IN THE evoUSA BORN IN THE evoUSA,neutral,0
gigudrion,BORN IN THE FATLAND KKona,neutral,0
itgkira,Y is USA such shit? D: </3,negative,-0.780142
djturndown,USA USA,neutral,0
t4iishy,OSkomodo MY KEK IS TOP OSkomodo MY LEL IS FREE OSkomodo YOU GUESSED IT RIGHT OSkomodo LEL KEK XD OSkomodo,Error,0
exorcismer,dont even wanna play ptr, dont like playing games/patches before they come out,negative,-0.820599
cruzcontrol22,PartyTime PartyTime PartyTime PartyTime PartyTime PartyTime PartyTime PartyTime PartyTime PartyTime PartyTime PartyTime PartyTime PartyTime PartyTime PartyTime PartyTime PartyTime PartyTime PartyTime PartyTime PartyTime PartyTime PartyTime PartyTime PartyTime PartyTime PartyTime PartyTime,Error,0
andima88,DatSheffy,neutral,0
vanitydestroyer,@demon_lily, ULURU,Error,0
xenoss_,USA dewLUL USA dewLUL USA dewLUL USA dewLUL USA dewLUL USA dewLUL USA dewLUL USA dewLUL USA dewLUL USA dewLUL USA dewLUL USA dewLUL USA dewLUL USA dewLUL USA dewLUL,Error,0
usernamewastaken12,UNITED STATES OF MURICA LUL,neutral,0
beatsbyyomomma,NEW JERSEY OVER HERE,neutral,0
rumiroomie,Kappa,neutral,0
neutralweird,moon2SMUG I moon2SMUG DREAM moon2SMUG OF moon2SMUG A moon2SMUG CHAT moon2SMUG FULL moon2SMUG OF moon2SMUG SMUG moon2SMUG,negative,-0.834097
poptissy,dewLUL dewLUL dewLUL dewLUL dewLUL dewLUL dewLUL dewLUL dewLUL dewLUL dewLUL dewLUL dewLUL dewLUL dewLUL,Error,0
vydos,8 mins until livestream of Last Bastion,negative,-0.36654
icedoutemz,Kappa,neutral,0
xenoss_,USA dewLUL USA dewLUL USA dewLUL USA dewLUL USA dewLUL USA dewLUL USA dewLUL USA dewLUL,Error,0
hawkeyesflame,moon2MLADY U moon2MLADY S moon2MLADY HEY moon2MLADY,Error,0
savalaserg2,BANGEDDDDD IN THE USAAAAAAAAAAAAAAAAAAAAAAAAAAAAAAAA,Error,0
ohunt3r,Kappa,neutral,0
srace2020,Please play Badlands next.,neutral,0
nintendoom33,lgwOMW lgwOMW lgwOMW,Error,0
angra2004,VoHiYo VoHiYo VoHiYo VoHiYo VoHiYo VoHiYo VoHiYo VoHiYo VoHiYo VoHiYo VoHiYo VoHiYo VoHiYo VoHiYo VoHiYo,Error,0
widc,Kappa,neutral,0
brutabull,PORN IN THE USA,negative,-0.458197
chasedawolf1994,BORN AS A GENGU MAIN!!!! @moonmoon_ow,neutral,0
andima88,DatSheffy 7,neutral,0
frozn11,@MorteusNL, northern europe bro, u should visit,positive,0.284317
ph1r3,mangoU mangoS mangoA mangoU mangoS mangoA,Error,0
niklev9,twitchRaid twitchRaid twitchRaid twitchRaid twitchRaid,neutral,0
xenoss_,USA dewLUL USA dewLUL USA dewLUL USA dewLUL USA dewLUL USA dewLUL USA dewLUL USA dewLUL USA dewLUL USA dewLUL,Error,0
squarebanana111,@moonmoon_ow if you want patriotic music put on Kanye,neutral,0
scenesontoast,star1 star2 star1 star2 star1 star2 star1 star2 star1 star2 star1 star2 star1 star2 star1 star2 star1 star2 star1 star2 star1 star2 star1 star2 star1 star2,neutral,0
cinnam0nbits,This isnt patriotism this song is about how americans treat their soldiers like shit durning Vietnam,negative,-0.55301
freederp,hikoNA hikoNA hikoNA hikoNA hikoNA hikoNA hikoNA hikoNA hikoNA hikoNA hikoNA hikoNA hikoNA hikoNA hikoNA hikoNA hikoNA hikoNA hikoNA hikoNA hikoNA hikoNA hikoNA hikoNA hikoNA hikoNA hikoNA hikoNA hikoNA hikoNA,Error,0
raburabu,@MOONMOON_OW, I've been playing the PTR and I've noticed a bug where Genji can still do damage and kill people. Is this going to be patched before the PTR is over / in time for season 2, or is Genji still going to be able to kill people?Thank you.,negative,-0.287749
ventragon,10 MINS TILL CINEMATIC,neutral,0
dragoneer3,noooooooo,negative,-0.627736
ninjanerd127,rip,negative,-0.846566
bushybu,BloodTrail,neutral,0
t4iishy,WANNA GET SOME DEMOCRACY,negative,-0.342399
wowexlucis,Bawwwwwn in the ooooo esssss ayye,neutral,0
xenoss_,USA dewLUL USA dewLUL USA dewLUL USA dewLUL USA dewLUL USA dewLUL USA dewLUL USA dewLUL USA dewLUL USA dewLUL USA dewLUL USA dewLUL USA dewLUL USA dewLUL USA dewLUL,Error,0
multimedyam,evoUSA evoUSA evoUSA evoUSA evoUSA evoUSA evoUSA evoUSA,neutral,0
skelluhboost,Cdew subs DansGame,neutral,0
mrtrash587,LUL,neutral,0
t4iishy,OSkomodo MY KEK IS TOP OSkomodo MY LEL IS FREE OSkomodo YOU GUESSED IT RIGHT OSkomodo LEL KEK XD OSkomodo,Error,0
sarofa,tatCreepy tatCreepy tatCreepy tatCreepy tatCreepy tatCreepy tatCreepy tatCreepy tatCreepy,neutral,0
wiscomptonswan,born in a overwatch buff... born in the M-E-I,positive,0.283405
faarisburo,haHAA,neutral,0
bobthepredator,NA LUL,neutral,0
skabuda,ChefFrank,neutral,0
xenoss_,USA dewLUL USA dewLUL USA dewLUL USA dewLUL USA dewLUL USA dewLUL USA dewLUL USA dewLUL USA dewLUL USA dewLUL,Error,0
leckotut,READ THIS IF YOU ARE DUMB 4Head,negative,-0.467785
physikl,@Moonmoon_ow, The overwatch channel is watching the Dragons short right now, bation short next,negative,-0.671922
t4iishy,TOPKEK,neutral,0
arethyu,ULURU,neutral,0
usernamewastaken12,LUL,neutral,0
quasar_231,LUL,neutral,0
manletz,haHAA,neutral,0
vanitydestroyer,haHAA,neutral,0
coldace180,@MOONMOON_OW Why 58/60 of Roadhog?,negative,-0.554142
rastafarimahn,haHAA,neutral,0
onorekian,haHAA,neutral,0
insanekil1er,lol,positive,0.315755
xenoss_,USA dewLUL USA dewLUL USA dewLUL USA dewLUL USA dewLUL USA dewLUL USA dewLUL USA dewLUL USA dewLUL USA dewLUL USA dewLUL USA dewLUL USA dewLUL USA dewLUL USA dewLUL USA dewLUL USA dewLUL USA dewLUL USA dewLUL USA dewLUL USA dewLUL USA dewLUL USA dewLUL USA dewLUL,Error,0
hawkeyesflame,WELCOME TO THE U S OF HEY,positive,0.830346
hawaiianxgypsy,AMERICA SUX BALLS BUT WE STILL HAVE SONGS LIKE THIS SUCKING AMERICA'S SUCKY BALLS FeelsBadMan,negative,-0.886202
bilis132,ULURU,neutral,0
fang4664,DansGame,neutral,0
turmoill,üòÇüëåüî•üá∫üá∏üíØ,Error,0
usernamewastaken12,ULURU,neutral,0
scenesontoast,star1 star2 star1 star2 star1 star2 star1 star2 star1 star2 star1 star2 star1 star2 star1 star2 star1 star1 star2 star2 star1 star2 star1 star2 star1 star2 star1 star2,neutral,0
forsakenkk,What was his placement result btw?,neutral,0
darkinsoul,FailFish \,neutral,0
magicwizardman34,ULURU,neutral,0
im_lycan_it,Kappa,neutral,0
jcline9677,haHAA,neutral,0
louis9921,FreakinStinkin FreakinStinkin FreakinStinkin,neutral,0
phenom_hs,ImTriggered MOONMOON ImTriggered PUSHES ImTriggered ME ImTriggered TO ImTriggered MY ImTriggered ABSOLUTE ImTriggered LIMIT ImTriggered,negative,-0.482763
kaliafornia,>breathing tho,negative,-0.651951
talenh96,@MOONMOON_OW what rank did you get buddy?,negative,-0.55124
steveawright,Ptr help us,positive,0.583928
bobthepredator,BrokeBack,neutral,0
dieec23,PraiseIt PraiseIt PraiseIt PraiseIt PraiseIt PraiseIt mcaT mcaT mcaT mcaT panicBasket panicBasket panicBasket panicBasket panicBasket panicBasket panicBasket panicBasket panicBasket Keepo,Error,0
aych_dubyah,i mean hes right,neutral,0
phenom_hs,ImTriggered MOONMOON ImTriggered PUSHES ImTriggered ME ImTriggered TO ImTriggered MY ImTriggered ABSOLUTE ImTriggered LIMIT ImTriggered .,negative,-0.346064
t4iishy,XD,positive,0.581138
arkterr,WutFace,neutral,0
whitetigress,(puke),negative,-0.572671
mbkvv,ULURU,neutral,0
ersze,U pig,negative,-0.312213
rotcha,noom are u ok ???,Error,0
leckotut,haHAA SO FUNNY,positive,0.678996
ninjanerd127,That's actually true though FeelsBadMan @MOONMOON_OW,positive,0.246285
malaki3,Moon is hilarious today.,positive,0.867719
fatuastorm,lmfao Moon ULURU,Error,0
badbubba14,He's become a hog,neutral,0
zombehbrainz,@Dearbig, in case you missed the X button at the top right-hand corner, you are not held here against your will LUL,negative,-0.531986
squarebanana111,born in the lands stolen from the Indians,negative,-0.576023
seagull_is_my_dad,WHY IS HE BORED IN THE USA,negative,-0.751976
andima88,To kill the MingLee,negative,-0.722942
powermcsquiddly,haHAA r u a real grill haHAA,Error,0
rzack,PanicVis,neutral,0
xingmingping,@MOONMOON_OW can u tell ur pc spec,neutral,0
t4iishy,OSkomodo MY KEK IS TOP OSkomodo MY LEL IS FREE OSkomodo YOU GUESSED IT RIGHT OSkomodo LEL KEK XD OSkomodo,Error,0
gafsibou,danSgaming,neutral,0
padandpadie,U ARE AN ENORMOUS FREAK BRUH,negative,-0.516759
moonmoon_ow,!specs,neutral,0
nightbot,MoonMoon's Setup: http://pcpartpicker.com/list/4gHK4C,negative,-0.235988
physikl,USA,neutral,0
yoshivsjoshi,oceonman,neutral,0
zaenia,USA USA USA,neutral,0
oxydros,BibleThump BibleThump BibleThump BibleThump BibleThump BibleThump BibleThump BibleThump BibleThump BibleThump BibleThump,Error,0
niklev9,UsA,neutral,0
brutabull,PORN IN THE USA,negative,-0.458197
coatzul,Murica DatSheffy 7,neutral,0
madnuffjew,USA,neutral,0
malaki3,MERICA,neutral,0
jfaiman,CANADA,neutral,0
pierules32,USA USA USA\,neutral,0
hawaiianxgypsy,MUTING UNTIL U TURN THIS TRASH OFF,negative,-0.784676
badbubba14,MERICA,neutral,0
viper459,EU > NA,neutral,0
manletz,MURICA,neutral,0
lotimli,sweden,neutral,0
imcipris,RUSSIA RUSSIA RUSSIA RUSSIA RUSSIA RUSSIA RUSSIA RUSSIA RUSSIA RUSSIA RUSSIA,Error,0
estotwb,NA LUL,neutral,0
wowexlucis,ASU,neutral,0
frostbullet_,EU,neutral,0
even__,EU,neutral,0
imcipris,RUSSIA RUSSIA RUSSIA RUSSIA RUSSIA RUSSIA RUSSIA RUSSIA RUSSIA,Error,0
phantomred1,HARAMBE,neutral,0
squarebanana111,Russia,neutral,0
firecatzero,CHINA NUMBER ONE,neutral,0
imadwagon,USA USA USA USA USA ?,Error,0
zakki12345,USA ?,neutral,0
ahgest,U S A,neutral,0
junglejoosy,USS USA,neutral,0
altoration,I FUCKING LOVE YOU MOONMOON YOU DESERVE MORE FAME LITERALLY THE BEST STREAMER IVE EVER WATCHED.,neutral,0
ch43t0m1um,DEUTSCHLAND,neutral,0
arethyu,USA,neutral,0
jay2win,USA USA USA,neutral,0
thedragonbox,USA #1,positive,0.206341
spartanxapathy,USA,neutral,0
imeasycheesy,U S A,neutral,0
mooboys,U S A ?,neutral,0
petuho,BORN IN THE EU !! BORN IN THE EU !! BORN IN THE EU !! BORN IN THE EU !! BORN IN THE EU !! BORN IN THE EU !!,neutral,0
wowexlucis,EU E U E U E U E U,Error,0
coldace180,Dicks out boys,negative,-0.763334
zathasz,USA (puke),negative,-0.468384
cruzcontrol22,EWE ESSAY,neutral,0
zombehbrainz,USA moon2XD,neutral,0
aog1,SAU SAU SAU,neutral,0
koji2k12,USA danFat USA danFat USA danFat USA danFat USA danFat USA danFat USA danFat USA danFat,Error,0
r2kt,Norway,neutral,0
lotimli,sweden sweden sweden,Error,0
dragiop,U LUL S LUL A LUL,Error,0
swankypotato,AUSSIE AUSSIE ASSUIE OI OI OI,Error,0
potatopie5,EU > NA,neutral,0
leckotut,NA ARMY VS VIETNAM FARMERS 4Head,neutral,0
omg_its_me123987,U JES√â,neutral,0
joenaruto,VAPE NATION,positive,0.580433
imadwagon,USA ?,neutral,0
louis9921,UK,neutral,0
thestarfeesh,USSRUSSRUSSRUSSRUSSRUSSRUSSRUSSRUSSR,Error,0
maxdestr,OpieOP,neutral,0
phantomred1,HAR AM BE,neutral,0
ang_squ,RU RU RU RU RU,neutral,0
serdarkny,yeah this song actually criticizes america LUL,negative,-0.410641
hakaanlol,YOU ES AYYYYYYY LMAO,negative,-0.671544
peacecraft01,evoUSA moon2MLADY evoUSA moon2MLADY evoUSA moon2MLADY evoUSA moon2MLADY evoUSA moon2MLADY evoUSA moon2MLADY,Error,0
andima88,Propane LUL,neutral,0
lonester,CHINA,neutral,0
squintzxd,Is Lassiz's icon a higher rank symbol or lower?,negative,-0.437895
ahgest,U S A 94 MEDALS,Error,0
demon_lily,moon2NOBRAIN,neutral,0
gorty16,@moonmoon_ow how does the d.va change feel?,negative,-0.245514
muegle,TAIWAN #1,neutral,0
kreaturger,IRAQ AMELE,negative,-0.36687
even__,Kappa U Kappa U Kappa,Error,0
qcontz,CANADA CANADA CANADA,Error,0
sealemons270,VapeNation,neutral,0
m1c4h,You know this song is about how life in the USA blows right??,neutral,0
morteusnl,Sent off to a foreign land, to kill the yellow man FeelsBadMan,negative,-0.364916
viper459,HARAMBE PogChamp,Error,0
syntaxau,moon2CHAMP AUS moon2CHAMP AUS moon2CHAMP AUS moon2CHAMP AUS moon2CHAMP,Error,0
powermcsquiddly,U S A moon2MLADY U S A moon2MLADY U S A moon2MLADY U S A moon2MLADY U S A moon2MLADY U S A moon2MLADY U S A moon2MLADY U S A moon2MLADY U S A moon2MLADY U S A moon2MLADY U S A moon2MLADY U S A moon2MLADY U S A moon2MLADY U S A moon2MLADY U S A moon2MLADY U S A moon2MLADY U S A moon2MLADY U S A moon2MLADY U S A moon2MLADY U S A moon2MLADY U S A moon2MLADY U S A moon2MLADY U S A moon2MLADY U S A moon2MLADY,Error,0
ch43t0m1um,DEUTSCHLAND DEUTSCHLAND DEUTSCHLAND,positive,0.361677
threehundredbucks,U S A U S A,positive,0.272661
savalaserg2,BANGEEEDDD IN THE USAAAA,negative,-0.596261
steveawright,How did he fix The PTr PrObLeM,negative,-0.509757
vixolus,ImTriggered PROPANE ImTriggered,Error,0
zetienno,EL JOSE MEXICANTO,positive,0.342929
vakari_ow,? A S U,neutral,0
bortimusmaximus,Harambe in the USA,neutral,0
jululuian,MY DICK IS OUT,negative,-0.206197
shooloo,Pro Hanzo doe,neutral,0
shredmajor,Baaaaaaaan in the USA,Error,0
maivlol,YOU ESS AYY YOU ESS AYY YOU ESS AYY YOU ESS AYY YOU ESS AYY YOU ESS AYY YOU ESS AYY YOU ESS AYY YOU ESS AYY YOU ESS AYY YOU ESS AYY YOU ESS AYY,positive,0.617714
raptorx1,NORWAY,neutral,0
goldenstatewarriors123,EU EU EU EU EU,neutral,0
parzie,Ewe essay Kappa,Error,0
infinityhauntlet,DIX OUT,neutral,0
dragiop,U LUL S ULURU A LUL,Error,0
teude,@moonmoon_ow Bastion short coming in 6 mins! https://www.youtube.com/watch?v=axPSTHRYpZw,negative,-0.627371
el_reto,HARAMBE POWER,neutral,0
peacecraft01,evoUSA moon2MLADY evoUSA moon2MLADY evoUSA moon2MLADY evoUSA moon2MLADY evoUSA moon2MLADY evoUSA moon2MLADY,Error,0
nemezi2,I S I S,neutral,0
wraithyzz,HARAMBE PogChamp,Error,0
deathray147,GG EZ,positive,0.336094
callofthemoose23,MOON GORILLA!!!!!!,Error,0
viper459,lol,positive,0.315755
levianus,DEUTSCHLAND DatSheffy,positive,0.227494
potatopie5,EU > NAEU > NAEU > NAEU > NAEU > NAEU > NAEU > NAEU > NA,Error,0
vanitydestroyer,Here comes the BM moon2WUT,positive,0.200658
demon_lily,DICKS OUT gachiGASM,negative,-0.787599
even__,NORWAY,neutral,0
aultemus,@moonmoon_ow why do you play on low graphics??,negative,-0.702032
swampertguru,üá∫üá∏üÜìüÜîüÖæ‚ìÇüá∫üá∏,Error,0
onorekian,HARAMBE,neutral,0
stickem1986,@MOONMOON_OW I noticed that Las and logan have a different rank than you... why are they sooo much better than you?,negative,-0.608245
moosetorpedoman,HARAMBE AMERICA DANCE,Error,0
killerlord407,EU EU EUE EU EU UEE RU,negative,-0.361771
liquidsn,bastino short in 7min!,negative,-0.577766
ch43t0m1um,DEEEEUUUUTSCHLAAAND,Error,0
saltydohg,SHITTY MEMES OUT,negative,-0.898458
saladsareninjas,DICKS OUT BOYS PogChamp gachiGASM,negative,-0.726886
dsrt_camo,USA,neutral,0
t4iishy,PogChamp I'M GOING UP THE CHAT ELEVATOR PogChamp I'M GONNA BE FIRST TO ARRIVE PogChamp,positive,0.344337
inf6464,POOOOOORN IN THE UUUSSSAAAAAA,Error,0
raptorx1,FREE HEALTHCARE,positive,0.600777
nishiinoya,that feel when you get out of class and you can watch some idiot stream , hi moon :'))),positive,0.44565
wiscomptonswan,Born in the M_E_I,neutral,0
zaegan,I'm so American, I'm cleaning muh guns while watching.,neutral,0
strawsnpaws,in Soviet Russia, Harambe kills YOU!,negative,-0.34438
conqoror,DICKS OUT,negative,-0.815526
negativepenalty,Fuckin hipsters ruinning everything in ny,negative,-0.664364
alziz_z,NORWAY,neutral,0
crimisonflame,MR. BREXIT OpieOP,neutral,0
peacecraft01,evoUSA moon2MLADY evoUSA moon2MLADY evoUSA moon2MLADY evoUSA moon2MLADY evoUSA moon2MLADY evoUSA moon2MLADY,Error,0
muegle,LUL,neutral,0
graydog679,Merica üá∫üá∏üá∫üá∏üá∫üá∏,Error,0
mysticaz,!hl,neutral,0
hawaiianxgypsy,IRELANDDD,neutral,0
cuervolunar,USA SUCK MY DICK,negative,-0.864544
frozn11,Norway dere fitter,neutral,0
t4iishy,KEK,neutral,0
viper459,LOL,positive,0.315755
klug_snipe190,U suck ass hHa rekt,Error,0
koji2k12,USA danFat USA danFat USA danFat USA danFat USA danFat USA danFat USA danFat,Error,0
metalblacktiger,LUL,neutral,0
thcwolfgang,Same,neutral,0
onlyausername,ULURU,neutral,0
pon_kun,Are you playing Winston because USA?,positive,0.239304
ahgest,U S A 94 MEDALS,Error,0
scenesontoast,star1 star2 star1 star2 star1 star2 star1 star2 star1 star2 star1 star2 star1 star2 star1 star2 star1 star2 star1 star2 star1 star2 star1 star2 star1 star2,neutral,0
louis9921,UK,neutral,0
despairjunko,LUL,neutral,0
t4iishy,PogChamp I'M GOING UP THE CHAT ELEVATOR PogChamp I'M GONNA BE FIRST TO ARRIVE PogChamp,positive,0.344337
coatzul,ULURU,neutral,0
walking_clock,wow rude,negative,-0.224247
donikass,LYL,neutral,0
planf,LUL,neutral,0
rub727,ULURU,neutral,0
usernamewastaken12,LUL,neutral,0
uhrainy,LOL,positive,0.315755
crampedup,it says 'propane accessories' in the spawn,negative,-0.309615
dipolarr,LUL,neutral,0
bat_hulud,ImTriggered MOONMOON ImTriggered PUSHES ImTriggered ME ImTriggered TO ImTriggered MY ImTriggered ABSOLUTE ImTriggered LIMIT ImTriggered,negative,-0.482763
liiland,NORWAY,neutral,0
threehundredbucks,LUL,neutral,0
multimedyam,evoUSA evoUSA evoUSA evoUSA evoUSA evoUSA evoUSA evoUSA evoUSA evoUSA evoUSA evoUSA evoUSA evoUSA evoUSA evoUSA,neutral,0
4changamerhouse,@moonmoon_ow PLAY HULK HOGAN INTRO,positive,0.567818
rekatronn,never go to bed,negative,-0.611341
thestarfeesh,FeelsBadMan,neutral,0
despairjunko,ULURU,neutral,0
ninjanerd127,ULURU,neutral,0
hakaanlol,YOU ES AYYYYYY LMAO. YOU ES AYYYYYY LMAO.YOU ES AYYYYYY LMAO.YOU ES AYYYYYY LMAO.YOU ES AYYYYYY LMAO.YOU ES AYYYYYY LMAO.YOU ES AYYYYYY LMAO.YOU ES AYYYYYY LMAO.YOU ES AYYYYYY LMAO.YOU ES AYYYYYY LMAO.YOU ES AYYYYYY LMAO.YOU ES AYYYYYY LMAO.YOU ES AYYYYYY LMAO.YOU ES AYYYYYY LMAO.YOU ES AYYYYYY LMAO.YOU ES AYYYYYY LMAO.,negative,-0.640255
rotcha,BANANA PogChamp,Error,0
viridious,EU LUL,neutral,0
hohothebasedgod,EU LUL,neutral,0
aog1,@MOONMOON_OW, Did you know this song is satire?,negative,-0.684652
fullmetalmaniac,ULURU,neutral,0
fatash82much,@MOONMOON_OW how much do I have to donate to be carried to grand master in PTR Kappa,positive,0.453028
pinkninja22,REKT,neutral,0
onorekian,LUL,neutral,0
marcram90,wow MOONMOON_OW lirikN,Error,0
t4iishy,PogChamp I'M GOING UP THE CHAT ELEVATOR PogChamp I'M GONNA BE FIRST TO ARRIVE PogChamp,positive,0.344337
gumialma,its 6 pm here LUL,negative,-0.247698
teude,YOU ARE NOT MY DAD, DONT TELL ME WHAT TO DO U FUCK!,negative,-0.765965
saintbroski,BibleThump BibleThump BibleThump,Error,0
besided1337,Come on dude D:,negative,-0.693445
petuho,BORN IN THE EU !! BORN IN THE EU !! BORN IN THE EU !! BORN IN THE EU !! BORN IN THE EU !! BORN IN THE EU !!,neutral,0
sharkmaster679,No,negative,-0.627736
koenergy,6 mins for the bastion short,negative,-0.576951
roozai26,lul,neutral,0
rocketpoweredmonke,AUTRALIAN?,neutral,0
sniarru,HAHAHAHA,positive,0.607063
t4iishy,TOPKEK,neutral,0
martinos1808,NA (puke),negative,-0.535977
magicka986,lol i love you,positive,0.783609
zsmj_11,AUSSIE AUSSIE AUSSIE,positive,0.348312
cmass,LMAo,positive,0.483922
louis9921,UK BITCHES,neutral,0
cruzcontrol22,PIP PIP,positive,0.276083
lazyboy12346,EU LUL,neutral,0
leckotut,LUL TRIGGERED AMERICANS LUL,Error,0
liiland,LMAO,positive,0.483922
thestarfeesh,LUL,neutral,0
officialdark_tv,FUCK U EUROPE,negative,-0.679499
rzack,LUL,neutral,0
rastafarimahn,LUL,neutral,0
madnuffjew,BREXIT,neutral,0
thrall420,LUL,neutral,0
z3ro1con,LMAO,positive,0.483922
meznia,EUSA EUSA EUSA,neutral,0
despairjunko,OI M8,neutral,0
potatopie5,EU > NA,neutral,0
thbritishgamer,Im triggered,negative,-0.372798
syntaxau,WutFace,neutral,0
aitheporo,Lol,positive,0.315755
drseemorebutts,PIP PIP,positive,0.276083
bowkill,hahahaha,positive,0.607063
jewsbadnews,PJSalt,neutral,0
ripe63,LUL,neutral,0
rektm9momgethecamera,SAVAGE,negative,-0.388756
mrnubcakz,ULURU,neutral,0
infinityhauntlet,fuk,neutral,0
saltytf,LUL,neutral,0
whycantiusemyname,LUL,neutral,0
petuho,CHEERIO MATE,neutral,0
sarofa,EU IN 2016 LUL,neutral,0
trlstee,LMAO,positive,0.483922
phantomred1,triggereds,neutral,0
t4iishy,PogChamp I'M GOING UP THE CHAT ELEVATOR PogChamp I'M GONNA BE FIRST TO ARRIVE PogChamp,positive,0.344337
frankthetank412,ITS HIGH NOON,positive,0.274745
itszeenz,ITS HIGH NOON,positive,0.274745
joshb543,ROASTED,positive,0.244744
only1esco,lol... eu=dumb... jk,Error,0
call_me_antt,Lmao rekt,positive,0.473382
sharkmaster679,MVGame MVGame MVGame MVGame MVGame,neutral,0
senjougahara_sama,TEAAA,positive,0.313166
tadgmtjapmt,PJSalt LUL,neutral,0
pacotime35,Rekt,neutral,0
dogtoothspar,LUL,neutral,0
mos221,ULURU,neutral,0
buizeru,BREXIT ITS HIGH NOON,positive,0.215445
psych_reaper,ULURU EU IN 2016,Error,0
ninjanerd127,HIGH NOON,positive,0.296279
senjougahara_sama,NOOON,neutral,0
nemezi2,haHAA,neutral,0
hydra80808,TRIGGERED,negative,-0.308995
kentayuki,moon2MLADY,neutral,0
dotspawn,TEA IS AT 4 ImTriggered,positive,0.284224
pinkninja22,PIP PIP,positive,0.276083
kiuper,pot of teaaaaa,positive,0.200322
andima88,UK is not europe LUL,Error,0
ohunt3r,moon2LUL,neutral,0
wowexlucis,Classist,neutral,0
grachmann,LUL I'm british and can confirm,positive,0.384139
nikse95,lul,neutral,0
rambo_8_u,The FICK,neutral,0
seraphimon,MURICA,neutral,0
planf,UK ULURU,neutral,0
the_dawkinator,THE BREXIT LONE WOLF,negative,-0.242936
vakari_ow,moon2MLADY,neutral,0
xal1771,LUL,neutral,0
bobthepredator,EU > NA KKona,neutral,0
infinityhauntlet,if mccree was british,neutral,0
deepdish_ornothing,Brexit RIP,negative,-0.845317
raditatical,e LUL u LUL,neutral,0
itszeenz,ImTriggered ImTriggered ImTriggered ImTriggered ImTriggered ImTriggered,Error,0
hohothebasedgod,ULURU EU TRIGGERED,Error,0
prettysoft,U MAD,negative,-0.54079
turmoill,EU LUL,neutral,0
kyver_,TRIGGERED,negative,-0.308995
dragiop,UK IS NOT EU LUL,Error,0
vydos,I'm european and said nothing lirikFEELS,negative,-0.4104
nightbot,SwiftRage https://twitter.com/summit1g/status/765394168474546177 SwiftRage,neutral,0
16fangd,XDddd,positive,0.581138
vixen98,hahahahahhahahsjgghvsghjwbaqejha,Error,0
ogyrez,OI M8,neutral,0
ogkrispycream,REKT,neutral,0
lpet4,TRIGGERED,negative,-0.308995
niklev9,USA>the world,neutral,0
tidblom01,WOW FUCK YOU *** =< @moonmoon_ow,neutral,0
wowexlucis,Trigggggggggggerrd,Error,0
thebladesedge,get triggered nurd,negative,-0.304549
rchiefgaming,TRIGGERED,negative,-0.308995
jululuian,T R I G G E R E D,Error,0
syntaxau,NA impersonation WutFace,Error,0
dndcattivo,Jump off the edge pussy, you wont,negative,-0.774685
shin_cn,Wait I wasn't paying attention why the fuck are you winston right now,negative,-0.35739
jiggasligga,Triggered,negative,-0.308995
mega_sword,RageFace JESUS CHRIST RageFace,negative,-0.567834
lordtsoran,Accurate as fuck,neutral,0
goldenstatewarriors123,DEUTSCHLAND,neutral,0
malaki3,Get Rekt Europe,Error,0
exorcismer,go to bed at 17:54?,neutral,0
t00_gosu,BREXIT! DansGame,positive,0.235711
skymaiden,twitch professors DansGame,negative,-0.548318
16fangd,Xdddd,positive,0.581138
muegle,Moonmoon is triggered ImTriggered,Error,0
coatzul,EU ULURU,Error,0
mose_0,Good morning MOONMOON_OW moon2HEY,positive,0.446457
uzzah,(PTR)iggered,neutral,0
celticturtle,No one like uk even Europe hahahaha,negative,-0.407422
viczebr,WINSTON MAIN PogChamp,neutral,0
jennabeanboo,BrainSlug,neutral,0
levianus,ImTriggered T R I G G E R E D ImTriggered T R I G G E R E D ImTriggered T R I G G E R E D ImTriggered T R I G G E R E D,Error,0
pancho_man,tea at noon lul,Error,0
cheekyferret,moonmoon hates me FeelsBadMan,negative,-0.84612
xenoss_,ITS AFTERNOON IN EU dewLUL IDIOT NA dewLUL @MOONMOON_OW dewLUL ITS AFTERNOON IN EU dewLUL IDIOT NA dewLUL @MOONMOON_OW dewLUL ITS AFTERNOON IN EU dewLUL IDIOT NA dewLUL @MOONMOON_OW dewLUL,Error,0
combatir01,@MOONMOON_OW, remind them that they voted for brexit,positive,0.435511
serdarkny,i bet half of chat didn't know it though LUL,neutral,0
wild_gunman,Uk not eu anymore get your shieeet together,negative,-0.310041
lolletje,Even me? FeelsBadMan,Error,0
llamunkapus,EUROPEANS ARE ALL big teeth smelly cucks,negative,-0.784848
cardimum,heyman,neutral,0
xenoss_,ITS AFTERNOON IN EU dewLUL IDIOT NA dewLUL @MOONMOON_OW dewLUL ITS AFTERNOON IN EU dewLUL IDIOT NA dewLUL @MOONMOON_OW dewLUL ITS AFTERNOON IN EU dewLUL IDIOT NA dewLUL @MOONMOON_OW dewLUL,Error,0
srace2020,Play Badlands MoonMoon.,neutral,0
welshjemz,@MOONMOON_OW, moon2THUMP moon2THUMP moon2THUMP moon2THUMP,Error,0
markettomato,@MOONMOON_OW lol im Canadian and i knew that xD xD excuse meh,positive,0.453954
creepr26,Euros in chat triggered,Error,0
grumpyvegan,@MOONMOON_OW, just keep reminding EU about brexit and they will get triggered and leave you alone,neutral,0
zakki12345,@MOONMOON_OW HARAMBE WAS AN INSIDE JOB BUSH DID IT :( :(,negative,-0.767977
fatuastorm,@MOONMOON_OW, hey, I'm spaniard, let me out of this ImTriggered,neutral,0
xenoss_,ITS AFTERNOON IN EU dewLUL IDIOT NA dewLUL @MOONMOON_OW dewLUL ITS AFTERNOON IN EU dewLUL IDIOT NA dewLUL @MOONMOON_OW dewLUL ITS AFTERNOON IN EU dewLUL IDIOT NA dewLUL @MOONMOON_OW dewLUL,Error,0
squarebanana111,why I'm European and I love your streams,positive,0.422078
renbaer,How to trigger everyone 101 by Moonmoon,negative,-0.433071
hawaiianxgypsy,I N F U C K I N G T E N S E,Error,0
ayelemow,üëå„Ö§„Ö§„Ö§ MrDestructoid „Ö§„Ö§„Ö§„Ö§„Ö§„Ö§„Ö§„Ö§„Ö§„Ö§„Ö§„Ö§„Ö§„Ö§„Ö§„Ö§„Ö§„Ö§„Ö§üçÜ üí§ üëî üçÜ„Ö§„Ö§„Ö§„Ö§„Ö§„Ö§„Ö§„Ö§„Ö§„Ö§„Ö§„Ö§„Ö§„Ö§„Ö§„Ö§„Ö§„Ö§„Ö§ „Ö§üõ¢„Ö§ üëÉ „Ö§„Ö§„Ö§„Ö§„Ö§„Ö§„Ö§„Ö§„Ö§„Ö§„Ö§„Ö§„Ö§„Ö§„Ö§„Ö§„Ö§„Ö§„Ö§‚ö° 8= üëä =D üí¶„Ö§„Ö§„Ö§„Ö§„Ö§„Ö§„Ö§„Ö§„Ö§„Ö§„Ö§„Ö§„Ö§„Ö§„Ö§ üé∫ „Ö§üçÜ „Ö§„Ö§„Ö§„Ö§üí¶„Ö§„Ö§„Ö§„Ö§„Ö§„Ö§„Ö§„Ö§„Ö§„Ö§„Ö§„Ö§„Ö§„Ö§ üë¢„Ö§„Ö§ üë¢„Ö§,Error,0
catebulb,not all europeans FeelsBadMan,negative,-0.255001
xenoss_,ITS AFTERNOON IN EU dewLUL IDIOT NA dewLUL @MOONMOON_OW dewLUL ITS AFTERNOON IN EU dewLUL IDIOT NA dewLUL @MOONMOON_OW dewLUL ITS AFTERNOON IN EU dewLUL IDIOT NA dewLUL @MOONMOON_OW dewLUL,Error,0
zathasz,ü§î Why is Na so bad at games ü§î,negative,-0.815964
officialdark_tv,GO TO BED EUFAGS,Error,0
10k7,UK ain't eu no more LUL,Error,0
billwilson_,@moonmoon_ow Excuse me strimmer this song is actually not patriotic checkmate burgers moon2MLADY,neutral,0
adamthedud,cmonBruh,neutral,0
mateuszrb,cmonBruh,neutral,0
gigudrion,MOONMOON_OW, TRIGGERED LUL TRIGGERED LUL TRIGGERED LUL TRIGGERED LUL,Error,0
usernamewastaken12,ImTriggered,Error,0
zaenia,cmonBruh,neutral,0
monta1994,VoteYea VoteYea VoteYea VoteYea,Error,0
dragiop,British Cucks LUL,Error,0
donikass,CmonBruh,neutral,0
vanitydestroyer,cmonBruh,neutral,0
onlyausername,cmonBruh,neutral,0
zathasz,ü§î Why is NA so bad at games ü§î,Error,0
hypermkw,cmonBruh,neutral,0
rastafarimahn,WERE AMERICANS LUL,negative,-0.221893
besided1337,NA OpieOP,neutral,0
lonester,Kappa,neutral,0
neutralweird,cmonBruh,Error,0
fartknoxd,?,neutral,0
gayelephant,literally had no idea.,negative,-0.307699
nishiinoya,put me to sleep daad,neutral,0
gentleplayer32,AUSTRIA IS BETTER,positive,0.403975
cruzcontrol22,cmonBruh,neutral,0
if_i_only_have_snus,cmonBruh,neutral,0
celly00,Moon Moon didn't actually know LUL,Error,0
infinityhauntlet,its like 5 in the afternoon lul,positive,0.312758
liquidsn,i didnt.... moon2THUMP,negative,-0.745316
dieec23,@MOONMOON_OW YOU ARN'T MY SUPERVISOR,negative,-0.522519
peaceyp_,EU, MORE LIKE PEEE YUUU,neutral,0
raider_unkindled,EU go to bed,neutral,0
yipyipdj,rlly wasnt funny guys are some kiss asses loool,negative,-0.643836
gayelephant,i dont listen to lyrics,negative,-0.692386
lionruler1322,I'm European üò• why man,negative,-0.475402
metalblacktiger,ü§î,neutral,0
the_dawkinator,cmonBruh,neutral,0
jollyeye,5 mins,Error,0
kiirin,WTF,Error,0
trlstee,BUT ITS 5 OCLOCK,negative,-0.471642
bortimusmaximus,Hey, I feel like if I was EU i would be like one of those chill eu guys u no?,Error,0
ang_squ,it's only 18:54,negative,-0.521989
kbolli,Im EU and im not retarded FeelsBadMan,negative,-0.35231
t4iishy,DuckerZ DOES DuckerZ IT DuckerZ LOOK DuckerZ LIKE DuckerZ I DuckerZ GIVE DuckerZ A DuckerZ DUCK DuckerZ ABOUT DuckerZ YOUR DuckerZ CHAT DuckerZ EXPERIENCE? DuckerZ,Error,0
1uptriforce,I think everyone knows since it's been used by trump,positive,0.259318
andima88,USA killed harambe BibleThump,Error,0
manletz,DICKS OUT,negative,-0.815526
teude,https://clips.twitch.tv/moonmoon_ow/UglyCarabeefArgieB8,Error,0
billwilson_,cmonBruh,neutral,0
lezzis,Excuse me moonmoon, why are you playing Harambe ?,negative,-0.538858
rastafarimahn,@peaceyp_, PogChamp,Error,0
onlyausername,VoteYea,neutral,0
acutt,Umm moonmoon don't you know great brittain isn't europe anymore,neutral,0
myreactions,gold gun for winston next?!? PogChamp,neutral,0
coldace180,Lol why America so mad about UK,negative,-0.664191
dankdropleton,cmonBruh,Error,0
seaglul,KKona A M E R I C A KKona,Error,0
cruzcontrol22,LUL,Error,0
mateuszrb,EU + UK LUL,neutral,0
jennabeanboo,KappaRoss,neutral,0
akumapls,Run it down mid BigBrother,Error,0
fadeofwolf,LUL Eu LUL,Error,0
infinityhauntlet,is moonmoon gonna build a wall around us omf,positive,0.760969
phenom_hs,ImTriggered MOONMOON ImTriggered PUSHES ImTriggered ME ImTriggered TO ImTriggered MY ImTriggered ABSOLUTE ImTriggered LIMIT ImTriggered,Error,0
t4iishy,deIlluminati DON'T deIlluminati MIND deIlluminati ME deIlluminati JUST deIlluminati PROMOTING deIlluminati THE deIlluminati NEW deIlluminati WORLD deIlluminati ORDER deIlluminati,Error,0
aitheporo,Go on a diet usa x.x cy@,positive,0.407672
becleveme,EU + UK = LUL,Error,0
toneeto,#MOOXIT,neutral,0
frozn11,FeelsGoodMan when the only bad thing u can say about EU is Brexit,negative,-0.339092
phenom_hs,ImTriggered MOONMOON ImTriggered PUSHES ImTriggered ME ImTriggered TO ImTriggered MY ImTriggered ABSOLUTE ImTriggered LIMIT ImTriggered .,Error,0
wraithyzz,yes moonmoon ?,Error,0
littleonetheraptor,moonmoon is in a bit of a mood today.,positive,0.623519
urethrafranklin333,Wtf UK is still in Europe,Error,0
davidstreaming,@acutt, Still is, they are in the process of leaving still.,Error,0
viper459,america jsut has a small penis and needs to compensate KAppa,positive,0.280554
lolletje,PogChamp,Error,0
dadisthecoolest,HEY @Moonmoon_ow AINT YOU GONNA WATCH THE NEW BASTION SHORT IN LIKE 5 MINUTES?,Error,0
sanchezgaming,@MOONMOON_OW, thank god im norwegian,Error,0
donikass,PogChamp,Error,0
billwilson_,720 PogChamp,Error,0
onlyausername,360 PogChamp,Error,0
psych_reaper,ImTriggered MOONMOON ImTriggered PUSHES ImTriggered ME ImTriggered TO ImTriggered MY ImTriggered ABSOLUTE ImTriggered LIMIT ImTriggered .,Error,0
tidblom01,How fucking dare you compair the master race that is sweden to fucking UK cunts?!?! @moonmoon_ow,Error,0
pineapple,britain is still in europe, they only voted to leave the european union FailFish,Error,0
eny0_,PogChamp STEERING WHEEL PogChamp,Error,0
sniarru,360 barrier PogChamp,Error,0
jgthechamp,+,Error,0
petuho,360 HARAMBE,Error,0
rastafarimahn,360 HARAMBE PogChamp,Error,0
uphaz,5 health,Error,0
good_catfish,5 hp,Error,0
mos221,NervousMonkey,Error,0
if_i_only_have_snus,Guys it's time DICKS OUT FOR HARAMBE SwiftRage,Error,0
combatir01,BEAT EM DOWN,Error,0
solarorgasm,360 NO AIM!!!!!!!!!!!!!!!!,Error,0
sheepish97,America mad they didnt fk their country before UK Kappa,Error,0
t4iishy,DICKS OUT,Error,0
teude,Y U HEF TO BE MAD MOON?!,Error,0
tarrgan,tfw you wish NA was still asleep FeelsBadMan,Error,0
cheekyferret,PogChomp,Error,0
whitetigress,LOL,Error,0
callofthemoose23,MONKEY MADNESSSSSS!!!!!,Error,0
t4iishy,deIlluminati DON'T deIlluminati MIND deIlluminati ME deIlluminati JUST deIlluminati PROMOTING deIlluminati THE deIlluminati NEW deIlluminati WORLD deIlluminati ORDER deIlluminati,Error,0
zxblast,UK IS STILL IN THE EUROPE RETARDS, NOT THE EUROPEAN UNION. UK IS STILL IN THE EUROPE RETARDS, NOT THE EUROPEAN UNION. UK IS STILL IN THE EUROPE RETARDS, NOT THE EUROPEAN UNION. UK IS STILL IN THE EUROPE RETARDS, NOT THE EUROPEAN UNION. UK IS STILL IN THE EUROPE RETARDS, NOT THE EUROPEAN UNION. UK IS STILL IN THE EUROPE RETARDS, NOT THE EUROPEAN UNION. UK IS STILL IN THE EUROPE RETARDS, NOT THE EUROPEAN UNION.,Error,0
onorekian,HARAMBE PogChamp,Error,0
swampertguru,üá∫üá∏üÜìüÜîüÖæ‚ìÇüá∫üá∏üÜìüÜîüÖæ‚ìÇüá∫üá∏üÜìüÜîüÖæ‚ìÇüá∫üá∏üÜìüÜîüÖæ‚ìÇüá∫üá∏,Error,0
gdell,clobberin time?,Error,0
galirom,LMAO,Error,0
bobthepredator,@acutt, are you retarded? Its still in europe LUL,Error,0
rizoel95,LUL,Error,0
mrj0ne5,Lol,Error,0
cmass,LMAO,Error,0
dadisthecoolest,YO @Moonmoon_ow AINT YOU GONNA WATCH THE NEW BASTION SHORT IN LIKE 5 MINUTES?,Error,0
pk_revan,"The wolf hunts for THE BEAT",Error,0
teude,:D :D :D,Error,0
mateuszrb,LUL,Error,0
not_pandapants,LUL,Error,0
donikass,LUL,Error,0
1onemorelife,LUL,Error,0
grumpyvegan,LUL,Error,0
t00_gosu,LMAO he flew,Error,0
lordtsoran,LAUNCHED,Error,0
el_reto,lul,Error,0
rocketbearlol,LUL,Error,0
teude,JUNKRAT!,Error,0
fadeofwolf,LUL,Error,0
s1ohboi,LUL,Error,0
litraphy,LUL,Error,0
rub727,ULURU,Error,0
malaki3,get rekt,Error,0
coatzul,rekt LUL,Error,0
grindigoo,LOL,Error,0
infinityhauntlet,rip,Error,0
autkanda,ULURU,Error,0
thedragonbox,LUL,Error,0
planf,LUL,Error,0
bjsaling,LUL,Error,0
mrnubcakz,LUL,Error,0
saladsareninjas,LUL,Error,0
padandpadie,LUL,Error,0
zaenia,ULURU,Error,0
lift_tv,LUL,Error,0
arethyu,ULURU,Error,0
pinkninja22,LUL,Error,0
fsjallink,LUL,Error,0
dsrt_camo,LUK,Error,0
demon_lily,ULURU,Error,0
whitetigress,HAHAHAH,Error,0
xal1771,LUL,Error,0
m1c4h,ya scrub,Error,0
saltytf,LUL,Error,0
sperpurber,ULURU,Error,0
corvusanr,LUL XD,Error,0
quasar_231,LUL BM,Error,0
viczebr,ULURU,Error,0
kreaturger,REKT,Error,0
felicitates,rekt,Error,0
usernamewastaken12,LUL,Error,0
wowexlucis,Destroyed,Error,0
fullmetalmaniac,LUL,Error,0
dragoneer3,NO HARAMBE,Error,0
katsuia,ULURU,Error,0
metalblacktiger,LUL,Error,0
mysticaz,luul,Error,0
owlishowl,LuL,Error,0
ninjanerd127,RIP HARAMBE BibleThump,Error,0
fitfedditfez,lololol,Error,0
dankdropleton,LUL,Error,0
grummrumm,LUL,Error,0
the_dawkinator,!mouse,Error,0
nightbot,Logitech G502,Error,0
demon_lily,UNSUBBED moon2SMUG,Error,0
xal1771,AIM SKILL ULU,Error,0
coatzul,!throw,Error,0
nightbot,350 game throws TriHard,Error,0
ch43t0m1um,r3ktr3ktr3kt,Error,0
knightstrinity,hehe xD,Error,0
ramtin2k,harambe BibleThump BibleThump BibleThump,Error,0
viper459,itmejpLOL ULURU,Error,0
bassoctivine,HE WAS AIMING AT YOU LUL,Error,0
psych_reaper,HARAMBE ULUR,Error,0
lulxdhahaa,spamrat BrokeBack,Error,0
rzack,Fuck McCree Kappa,Error,0
ninjalbino,ULURU,Error,0
dieec23,spray and pry,Error,0
r1kh4rd,HARAMBE,Error,0
ababa000,LUL,Error,0
owlishowl,BibleThump,Error,0
t4iishy,KEK,Error,0
mrj0ne5,Hi streamer. All of these Harambe memes in chat really make me sad and triggers me all the time. I feel like the Genji mains knowing their character won't ever become better than his big brother. Please do something or else Harambe will get its revenge.,Error,0
psych_reaper,ULURU,Error,0
jabugz07,Harambe got sniped,Error,0
stickem1986,junkrat doesn't aim at ANYONE,Error,0
blahmeistah,ULURU,Error,0
billwilson_,haHAA Harambe haHAA,Error,0
krstallized,skill rat 4Head,Error,0
rastafarimahn,caught you with your dick out LUL,Error,0
xingmingping,xD,Error,0
chill3h,@MOONMOON_OW my cat is 18 years old and all he does is just sit in front of the heater and stare into the flame,Error,0
nightbot,frick you,Error,0
t4iishy,deIlluminati DON'T deIlluminati MIND deIlluminati ME deIlluminati JUST deIlluminati PROMOTING deIlluminati THE deIlluminati NEW deIlluminati WORLD deIlluminati ORDER deIlluminati,Error,0
reesaroni,moon2SMUG No Aim moon2SMUG No Brain moon2SMUG Must be a Winston main moon2SMUG,Error,0
sniarru,HARAMBE WAS AN INSIDE JOB,Error,0
xingmingping,hahahah,Error,0
ozakir,5m for sombra cinematic Kreygasm,Error,0
lifedustx,ULURU,Error,0
combatir01,THEY COULD HAVE JUST PUT HIM DOWN,Error,0
infinityhauntlet,how do i do dix out if i dont have one???,Error,0
colonel__axelduke,Winstons so bad,Error,0
dbrans_,junkrats aim?,Error,0
zximpactxz,NotLikeThis WHY DIDNT THE FUCK JUNKRAT WITH A NERF?! NotLikeThis,Error,0
hawaiianxgypsy,ULURU,Error,0
ramtin2k,k,Error,0
lateshuv_,DIX OUT,Error,0
ababa000,!throw,Error,0
dsrt_camo,BUSH DID HARAMBE,Error,0
senjougahara_sama,EVERYONE IS DEAD LUL,Error,0
acutt,Life if a junkrat main,Error,0
pikkipi,So @moonmoon_ow , SNEAKIIII TOLD US YOU VAPE. IS THAT THE SECRET TO BEING PRO,Error,0
tarrgan,Zxblast, the UK is still in the erupean union you tard LUL,Error,0
t4iishy,FeelsGoodMan üî´ HARAMBE I'M COMING FeelsGoodMan üî´,Error,0
lolletje,BELIEVE gachiGASM,Error,0
if_i_only_have_snus,( Õ°¬∞ Õú ñ Õ°¬∞)‚ïØ‚ï≤___ÂçêÂçêÂçêÂçê Don't mind me just taking the mods out for a walkÔªø Keepo,Error,0
corvusanr,what mic do you have moon? quality seems pretty good.,Error,0
dendem4n,BibleThump,Error,0
tucklulz,wow i didn't realise it was possible to be bad at winston until i saw this stream,Error,0
xal1771,@moonmoon_ow play Dva with legendary emote for BM plsssss,Error,0
pyonz,Keepo,Error,0
syntaxau,CoolCat FeelsBadMan,Error,0
gentleplayer32,FUCK HARAMBE,Error,0
t4iishy,OSkomodo MY KEK IS TOP OSkomodo MY LEL IS FREE OSkomodo YOU GUESSED IT RIGHT OSkomodo LEL KEK XD OSkomodo,Error,0
r1kh4rd,HARAMBE,Error,0
rocketpoweredmonke,FUCK MCCREE,Error,0
rub727,FUCK MCREE,Error,0
good_catfish,sadder than eu?,Error,0
mrj0ne5,Hi streamer. All of these Harambe memes in chat really make me sad and triggers me all the time. I feel like the Genji mains knowing their character won't ever become better than his big brother. Please do something or else Harambe will get its revenge.,Error,0
soratemas,OSkomodo MY KEK IS TOP OSkomodo MY LEL IS FREE OSkomodo YOU GUESSED IT RIGHT OSkomodo LEL KEK XD OSkomodo,Error,0
firestarter175,america is in asia right chat,Error,0
kiuper,to bad it was not hanzo,Error,0
sindoow,perfect moon2SMUG,Error,0
t4iishy,kek,Error,0
muegle,xD,Error,0
nightbot,frick you,Error,0
raine94,PUNCH ARMOR,Error,0
usernamewastaken12,WINSTON MORE LIKE HARAMBE ULURU,Error,0
lolletje,NO AIM 4Head NO BRAIN 4Head YOU GUESSED IT RIGHT 4Head I'M A WINSTON MAIN 4Head,Error,0
t4iishy,OSkomodo MY KEK IS TOP OSkomodo MY LEL IS FREE OSkomodo YOU GUESSED IT RIGHT OSkomodo LEL KEK XD OSkomodo,Error,0
r1kh4rd,LUL,Error,0
x_sh4rp,HARAMBE,Error,0
thedragonbox,LUL,Error,0
hehehahalolz,LUL,Error,0
onlyausername,LUL,Error,0
grumpyvegan,LUL,Error,0
cowrule,Harmbe,Error,0
manletz,LUL,Error,0
leckotut,SO MUCH SKILL XDDD,Error,0
sperpurber,OMGScoots,Error,0
not_pandapants,HIGH OCTANE GAMEPLAY,Error,0
felbladenoz,lirikO,Error,0
tidblom01,How fucking dare you compair the master race that is sweden to fucking UK cunts?!?! @moonmoon_ow,Error,0
pixelylive,@MOONMOON_OW Playing harambe today :D,Error,0
phenom_hs,ImTriggered MOONMOON ImTriggered PUSHES ImTriggered ME ImTriggered TO ImTriggered MY ImTriggered ABSOLUTE ImTriggered LIMIT ImTriggered .,Error,0
droseph139,Kappa,Error,0
cubeheadd,new short is coming in 3 min,Error,0
papyshh,nothing personnel kid,Error,0
cubeheadd,https://www.youtube.com/watch?v=axPSTHRYpZw,Error,0
manletz,THATS THE SPOT Kreygasm,Error,0
nightbot,Cubeheadd -> *DUKE NUKEM QUOTE XD* [warning],Error,0
gentleplayer32,FUCK HARAMBE,Error,0
r1kh4rd,LUL LUL,Error,0
rambo_8_u,Winston main???,Error,0
owningsniper,Harambe gameplay PogChamp,Error,0
t4iishy,OSkomodo MY KEK IS TOP OSkomodo MY LEL IS FREE OSkomodo YOU GUESSED IT RIGHT OSkomodo LEL KEK XD OSkomodo,Error,0
reesaroni,moon2SMUG No Aim moon2SMUG No Brain moon2SMUG Must be a Winston main moon2SMUG,Error,0
muegle,LUL,Error,0
cowrule,@gentleplayer32 HOW DARE YOU,Error,0
dadisthecoolest,YO @Moonmoon_ow AINT YOU GONNA WATCH THE NEW BASTION SHORT IN LIKE 5 MINUTES?,Error,0
chellity,HOP ON POP Kreygasm HOP ON POP Kreygasm HOP ON POP Kreygasm HOP ON POP Kreygasm HOP ON POP Kreygasm HOP ON POP Kreygasm HOP ON POP Kreygasm HOP ON POP Kreygasm HOP ON POP Kreygasm HOP ON POP Kreygasm,Error,0
onorekian,VAC,Error,0
slowpokem,HEY GUYS, WHAT IF WE CALLED WINSTONE HARAMBE INSTEAD ULURU moon2XD moon2XD moon2XD,Error,0
r1kh4rd,LUL,Error,0
mateuszrb,LUL,Error,0
donikass,LYL,Error,0
whitetigress,LUL,Error,0
killahighdtw,BAstion short inc Kreygasm,Error,0
forceofadragon4,JUKES,Error,0
demon_lily,LUL,Error,0
chellity,HOP ON POP Kreygasm HOP ON POP Kreygasm HOP ON POP Kreygasm HOP ON POP Kreygasm HOP ON POP Kreygasm,Error,0
meznia,ANELE Sweden Master Race ANELE,Error,0
nishiinoya,uhm excuse me moon moon , stop dying you fuq lul( Õ°¬∞ Õú ñ Õ°¬∞),Error,0
manletz,ULURU,Error,0
kiirin,LUL,Error,0
teude,OH NICE!,Error,0
combatir01,ULURU,Error,0
felbladenoz,Kreygasm,Error,0
levianus,LUL,Error,0
saltytf,LUL,Error,0
chos3n_one,type gg ez pleaseeeeeee,Error,0
alp202,LUL,Error,0
usernamewastaken12,LUL,Error,0
myreactions,FeelsAmazingMan Winston gameplay FeelsAmazingMan FeelsAmazingMan Winston gameplay FeelsAmazingMan,Error,0
saladsareninjas,LUL,Error,0
demon_lily,moon2CHAMP,Error,0
lucideon,LUL SICK,Error,0
whitetigress,PogChamp STUNTMAN MOON,Error,0
chellity,HOP ON POP Kreygasm HOP ON POP Kreygasm HOP ON POP Kreygasm HOP ON POP Kreygasm HOP ON POP Kreygasm HOP ON POP Kreygasm HOP ON POP Kreygasm HOP ON POP Kreygasm HOP ON POP Kreygasm HOP ON POP Kreygasm HOP ON POP Kreygasm,Error,0
ninjanerd127,LUL,Error,0
feels_amazing_man,LUL,Error,0
lolletje,CALCULATED PogChamp,Error,0
if_i_only_have_snus,( Õ°¬∞ Õú ñ Õ°¬∞) ( Õ°¬∞ Õú ñ Õ°¬∞) ( Õ°¬∞ Õú ñ Õ°¬∞) ( Õ°¬∞ Õú ñ Õ°¬∞) ( Õ°¬∞ Õú ñ Õ°¬∞) ( Õ°¬∞ Õú ñ Õ°¬∞) ( Õ°¬∞ Õú ñ Õ°¬∞) ( Õ°¬∞ Õú ñ Õ°¬∞) ( Õ°¬∞ Õú ñ Õ°¬∞)( Õ°¬∞ Õú ñ Õ°¬∞) ill youself ( Õ°¬∞ Õú ñ Õ°¬∞) ( Õ°¬∞ Õú ñ Õ°¬∞) ( Õ°¬∞ Õú ñ Õ°¬∞) ( Õ°¬∞ Õú ñ Õ°¬∞) ( Õ°¬∞ Õú ñ Õ°¬∞) ( Õ°¬∞ Õú ñ Õ°¬∞),Error,0
dankdropleton,LUL,Error,0
t4iishy,OSkomodo MY KEK IS TOP OSkomodo MY LEL IS FREE OSkomodo YOU GUESSED IT RIGHT OSkomodo LEL KEK XD OSkomodo,Error,0
evil_totoro,LUL,Error,0
andima88,The jump reset,Error,0
viczebr,ULURU,Error,0
rastafarimahn,THT BM PogChamp,Error,0
jnxu2,LUL,Error,0
kirky94,LUL PSYCH,Error,0
hotdogvendor,Bruce is a patriot,Error,0
welshjemz,@MOONMOON_OW, i feel bullied now :p,Error,0
momestar,GOTEM,Error,0
galirom,@moonmoon_ow Is it the hip, hop, hippy hop, I said the hip hip hop you don't stop?,Error,0
chellity,HOP ON POP Kreygasm HOP ON POP Kreygasm HOP ON POP Kreygasm HOP ON POP Kreygasm HOP ON POP Kreygasm HOP ON POP Kreygasm HOP ON POP Kreygasm HOP ON POP Kreygasm HOP ON POP Kreygasm,Error,0
jovel5,ishy : OSkomodo MY KEK IS TOP OSkomodo MY LEL IS FREE OSkomodo YOU GUESSED IT RIGHT OSkomodo LEL KEK XD OSkomodo,Error,0
arethyu,LEL KEK xD,Error,0
ripe63,KING KONG,Error,0
aya____,what's with europeans/australians and the word cunt??,Error,0
viper459,haHAA XD,Error,0
thedragonbox,xD,Error,0
zxblast,@tarrgan you know I mean you tard LUL,Error,0
nightbot,frick you,Error,0
felany_,OSkomodo MY KEK IS TOP OSkomodo MY LEL IS FREE OSkomodo YOU GUESSED IT RIGHT OSkomodo LEL KEK XD OSkomodo,Error,0
magicwizardman34,kek,Error,0
soratemas,OSkomodo MY KEK IS TOP OSkomodo MY LEL IS FREE OSkomodo YOU GUESSED IT RIGHT OSkomodo LEL KEK XD OSkomodo,Error,0
feels_amazing_man,xD,Error,0
zetienno,OSkomodo MY KEK IS TOP OSkomodo MY LEL IS FREE OSkomodo YOU GUESSED IT RIGHT OSkomodo LEL KEK XD OSkomodo,Error,0
chellity,HOP ON POP Kreygasm HOP ON POP Kreygasm HOP ON POP Kreygasm HOP ON POP Kreygasm HOP ON POP Kreygasm HOP ON POP Kreygasm HOP ON POP Kreygasm HOP ON POP Kreygasm,Error,0
billwilson_,Bastion short in 3 mins PogChamp,Error,0
usernamewastaken12,LEL KEK XD,Error,0
xal1771,LEL KEK XD,Error,0
t4iishy,OSkomodo MY KEK IS TOP OSkomodo MY LEL IS FREE OSkomodo YOU GUESSED IT RIGHT OSkomodo LEL KEK XD OSkomodo,Error,0
pierwszyniemamczasu,LEL KEK XD,Error,0
saladsareninjas,OSkomodo MY KEK IS TOP OSkomodo MY LEL IS FREE OSkomodo YOU GUESSED IT RIGHT OSkomodo LEL KEK XD OSkomodo,Error,0
lagvenom2947,lel kek xD,Error,0
muegle,LEL KEK xD,Error,0
dadisthecoolest,moon2XD moon2XD moon2XD moon2XD,Error,0
ninjanerd127,LUL KEK ECKS DEE,Error,0
onlyausername,LEL KEK xD,Error,0
t4iishy,OSkomodo MY KEK IS TOP OSkomodo MY LEL IS FREE OSkomodo YOU GUESSED IT RIGHT OSkomodo LEL KEK XD OSkomodo,Error,0
leckotut,LEL KEK XD,Error,0
cubeheadd,new short is coming in 2 mins,Error,0
chellity,HOP ON POP Kreygasm HOP ON POP Kreygasm HOP ON POP Kreygasm HOP ON POP Kreygasm HOP ON POP Kreygasm HOP ON POP Kreygasm,Error,0
buffybot1,these ptr queues....X.x,Error,0
kiuper,@chos3n_one, why what will happen Kappa,Error,0
kreaturger,xD,Error,0
dankdropleton,v,Error,0
cowrule,¬øQui√©n es Sombra?,Error,0
koherence,BASTION VIDEO,Error,0
chellity,HOP ON POP Kreygasm HOP ON POP Kreygasm,Error,0
rab0na,LEL KEK Xd,Error,0
arethyu,OSkomodo MY KEK IS TOP OSkomodo MY LEL IS FREE OSkomodo YOU GUESSED IT RIGHT OSkomodo LEL KEK XD OSkomodo,Error,0
mrj0ne5,Hi streamer. All of these Harambe memes in chat really make me sad and triggers me all the time. I feel like the Genji mains knowing their character won't ever become better than his big brother. Please do something or else Harambe will get its revenge.,Error,0
cubeheadd,new short is coming in 2 mins.,Error,0
gayelephant,https://www.youtube.com/watch?v=axPSTHRYpZw,Error,0
nightbot,GayElephant -> *DUKE NUKEM QUOTE XD* [warning],Error,0
senjougahara_sama,Dva BibleThump,Error,0
felicitates,counter dva? but everything counters winston,Error,0
mateuszrb,D I C K S O U T FeelsAmazingMan,Error,0
dyxothegod,HARAMBEEEEEEEEEEEEEEE,Error,0
viper459,LOL,Error,0
e_yaves,so many dragons,Error,0
t4iishy,OSkomodo MY KEK IS TOP OSkomodo MY LEL IS FREE OSkomodo YOU GUESSED IT RIGHT OSkomodo LEL KEK XD OSkomodo,Error,0
cubeheadd,new short is coming in 2 mins...,Error,0
muegle,LUL,Error,0
forceofadragon4,BAITED,Error,0
wiscomptonswan,dear strimmer did you know the song is an allegory about the difficulties of the working class american? snark snark,Error,0
teude,CHEERIO!,Error,0
lockdown_24,Splendid dude,Error,0
onlyausername,LUL,Error,0
cubeheadd,new short is coming in 2 mins......,Error,0
thedragonbox,LUL,Error,0
rocketbearlol,LUL,Error,0
aya____,THE BASTION STREAM IS LIVE,Error,0
scoinor,rofl,Error,0
andima88,LUL,Error,0
lucideon,LOOOOOOOOOL,Error,0
dadisthecoolest,BASTION SHORT IS STARTING PogChamp BASTION SHORT IS STARTING PogChamp BASTION SHORT IS STARTING PogChamp BASTION SHORT IS STARTING PogChamp BASTION SHORT IS STARTING PogChamp,Error,0
cubeheadd,new short is coming in 2 mins.........,Error,0
ripe63,lul,Error,0
fsjallink,LUL,Error,0
feels_amazing_man,LUL,Error,0
gdell,rekt af,Error,0
wraithyzz,ULURU,Error,0
evil_totoro,LUL,Error,0
moggadeet,LUL,Error,0
ninjanerd127,Deja Vu,Error,0
scatcat_,SHORT ON RIGHT NOW,Error,0
syntaxau,LUL terrible charge,Error,0
aya____,EVERYONE ABORT,Error,0
chrextheking,BASTION SHORT,Error,0
kreaturger,did you know you can say easy just by saying ez?,Error,0
kiirin,LUL,Error,0
cubeheadd,new short is coming in 2 mins,Error,0
rzack,LUL,Error,0
pin3land,justice ahh Kreygasm,Error,0
shredmajor,Baaaaaaaaarn in the ERSA,Error,0
cubeheadd,new short is coming in 2 mins....,Error,0
felany_,invisible,Error,0
levianus,LUL BASTION WINSTON,Error,0
walter_strider,da mediocre gameplay so good,Error,0
vakari_ow,Is the sub discord not working right now or something? or does it just take a while?,Error,0
saltydohg,LUL,Error,0
chellity,LUL,Error,0
t4iishy,OSkomodo MY KEK IS TOP OSkomodo MY LEL IS FREE OSkomodo YOU GUESSED IT RIGHT OSkomodo LEL KEK XD OSkomodo,Error,0
andima88,ANELE,Error,0
11kazoos,targetted LUL,Error,0
zombehbrainz,haHAA,Error,0
usernamewastaken12,ULU,Error,0
mos221,TaxiBro,Error,0
felicitates,junkrat too stronk,Error,0
senjougahara_sama,'/,Error,0
onlyausername,ULURU,Error,0
insanekil1er,Does this guy play Roadhog?,Error,0
slager963,THREW,Error,0
juicyjus25,LEL KEK xD,Error,0
lulxdhahaa,throwing DansGame,Error,0
sjuper,its only the widowmaker one,Error,0
dadisthecoolest,EVERYONE GO WATCH THE BASTION SHORT,Error,0
sperpurber,FeelsBadMan,Error,0
senjougahara_sama,RIP,Error,0
magicwizardman34,lel kek xD,Error,0
sanchezgaming,Blizzard stream live,Error,0
evil_totoro,LUL ult,Error,0
twitxd,RIP,Error,0
explosivemoooose,NICE THROW,Error,0
leckotut,ANELE,Error,0
tiggaplzz_,nice throw,Error,0
thedragonbox,qtf,Error,0
t4iishy,Hi. I'm Harambe, and this is my Zoo. I live here with my old zookeeper and banana, Big Yellow. Everything in here has a heart and a mind. One thing I've learned after 17 years - you never know WHAT is gonna come over that enclosure.,Error,0
usernamewastaken12,ULURU,Error,0
sparz324,why did he charge off point during overtime? moon2WHY,Error,0
kleinp5715,lost LUL,Error,0
adampenguin,!throw,Error,0
nightbot,351 game throws TriHard,Error,0
notamingebag,American Overwatch LUL,Error,0
heretic17,Just got here, WTF is @MOONMOON_OW playing winston?!,Error,0
rumiroomie,@MOONMOON_OW are you this charming irl or is this internet magic?,Error,0
mrj0ne5,Hi streamer. All of these Harambe memes in chat really make me sad and triggers me all the time. I feel like the Genji mains knowing their character won't ever become better than his big brother. Please do something or else Harambe will get its revenge.,Error,0
exyl1,anyone can link the stream?,Error,0
mbkvv,THEY'RE ABOUT TO SHOW THE NEW SHORT FILM,Error,0
masterbushidobrown,SOMBRA,Error,0
mateuszrb,gg easy,Error,0
th1ago01,MANDATA,Error,0
hjorthlol,Hi. I'm Harambe, and this is my Zoo. I live here with my old zookeeper and banana, Big Yellow. Everything in here has a heart and a mind. One thing I've learned after 17 years - you never know WHAT is gonna come over that enclosure.,Error,0
usernamewastaken12,cmonBruh,Error,0
imdrgon,Hi. I'm Harambe, and this is my Zoo. I live here with my old zookeeper and banana, Big Yellow. Everything in here has a heart and a mind. One thing I've learned after 17 years - you never know WHAT is gonna come over that enclosure.,Error,0
if_i_only_have_snus,‚îÇ ‚ñì ‚ïî‚ïê‚ïê‚ïó ‚ïî‚ïê‚ïê‚ïó ‚ñì‚ñì ‚ïë‚ñí‚ñí‚ïë ‚ïë‚ñí‚ñí‚ïë ‚ñì‚ñì‚ñì ‚ïë‚ñí‚ñí‚ïë ‚ïë‚ñí‚ñì‚ñì‚ñà‚ñì ‚ïë‚ñí‚ñí‚ïë ‚ïë‚ñì‚ñà‚ñì ‚ïë‚ñí‚ñí‚ïë ‚ïë‚ñí‚ñí‚ïë ‚ïë‚ñí‚ñí‚ïë ‚ïë‚ñí‚ñí‚ïë Put this on the page of people who participated in 9/11,Error,0
jennabeanboo,KappaPride KappaRoss Keepo Kappa,Error,0
cowrule,they are showing tracer short currently,Error,0
t4iishy,kek,Error,0
killahighdtw,b8ted,Error,0
nersoosi,Vakari_OW it'll take a while to sync,Error,0
dadisthecoolest,THEY'RE PLAYING THE WRONG SHORT WutFace,Error,0
cowrule,bastion is up next,Error,0
t4iishy,Hi. I'm Harambe, and this is my Zoo. I live here with my old zookeeper and banana, Big Yellow. Everything in here has a heart and a mind. One thing I've learned after 17 years - you never know WHAT is gonna come over that enclosure.,Error,0
vixolus,way to knock them off,Error,0
sircampsalot97,Gorrila punch,Error,0
killahighdtw,ALIVE IS SOMBVRA CONFIRMED,Error,0
onorekian,BiblyThump,Error,0
th1ago01,MANDATA IS THE NEW BASTION CONFIRMED,Error,0
saladsareninjas,DID HE JUST SAY HARAMBE WTF,Error,0
felbladenoz,BibleThump,Error,0
robakawake,BiblyThump,Error,0
bearded_canuck,BibleThump,Error,0
unifyself,It's the wrong short LUL,Error,0
physikl,No, they're playing Alive now, Bastion is up next,Error,0
grorencio,Mommy says people my age shouldn't imply strimer doesn't know the true meaning of Born in the USA,Error,0
mrj0ne5,Hi streamer. All of these Harambe memes in chat really make me sad and triggers me all the time. I feel like the Genji mains knowing their character won't ever become better than his big brother. Please do something or else Harambe will get its revenge.,Error,0
belas7,BibleThump,Error,0
cowrule,@T4iishy hello harambe i'm reaper,Error,0
alnrg,bib-le thump,Error,0
walter_strider,Harambe lives through moonmoon,Error,0
viper459,BibleyThumb,Error,0
r1kh4rd,LULL,Error,0
t4iishy,trumpW FEELS trumpW GOOD trumpW TO trumpW BE trumpW A trumpW TRUMP trumpW SUB trumpW,Error,0
vakari_ow,@nersoosi gotcha, thanks,Error,0
dadisthecoolest,MANDATA IS SOMBRA moon2Pog,Error,0
bablorik,YAY,Error,0
